Copyright 1986-2022 Xilinx, Inc. All Rights Reserved. Copyright 2022-2024 Advanced Micro Devices, Inc. All Rights Reserved.
---------------------------------------------------------------------------------------------------------------------------------------------------------------------------------------------------------------------------------------------
| Tool Version : Vivado v.2024.2 (win64) Build 5239630 Fri Nov 08 22:35:27 MST 2024
| Date         : Thu Oct  9 23:51:19 2025
| Host         : NIisan running 64-bit major release  (build 9200)
| Command      : report_timing_summary -max_paths 10 -report_unconstrained -file top_salsa_xilinx_timing_summary_routed.rpt -pb top_salsa_xilinx_timing_summary_routed.pb -rpx top_salsa_xilinx_timing_summary_routed.rpx -warn_on_violation
| Design       : top_salsa_xilinx
| Device       : 7a35t-cpg236
| Speed File   : -1  PRODUCTION 1.23 2018-06-13
| Design State : Routed
---------------------------------------------------------------------------------------------------------------------------------------------------------------------------------------------------------------------------------------------

Timing Summary Report

------------------------------------------------------------------------------------------------
| Timer Settings
| --------------
------------------------------------------------------------------------------------------------

  Enable Multi Corner Analysis               :  Yes
  Enable Pessimism Removal                   :  Yes
  Pessimism Removal Resolution               :  Nearest Common Node
  Enable Input Delay Default Clock           :  No
  Enable Preset / Clear Arcs                 :  No
  Disable Flight Delays                      :  No
  Ignore I/O Paths                           :  No
  Timing Early Launch at Borrowing Latches   :  No
  Borrow Time for Max Delay Exceptions       :  Yes
  Merge Timing Exceptions                    :  Yes
  Inter-SLR Compensation                     :  Conservative

  Corner  Analyze    Analyze    
  Name    Max Paths  Min Paths  
  ------  ---------  ---------  
  Slow    Yes        Yes        
  Fast    Yes        Yes        


------------------------------------------------------------------------------------------------
| Report Methodology
| ------------------
------------------------------------------------------------------------------------------------

Rule       Severity  Description                                                  Violations  
---------  --------  -----------------------------------------------------------  ----------  
TIMING-30  Warning   Sub-optimal master source pin selection for generated clock  1           
XDCC-1     Warning   Scoped Clock constraint overwritten with the same name       1           
XDCC-7     Warning   Scoped Clock constraint overwritten on the same source       1           
XDCH-2     Warning   Same min and max delay values on IO port                     18          

Note: This report is based on the most recent report_methodology run and may not be up-to-date. Run report_methodology on the current design for the latest report.



check_timing report

Table of Contents
-----------------
1. checking no_clock (0)
2. checking constant_clock (0)
3. checking pulse_width_clock (0)
4. checking unconstrained_internal_endpoints (0)
5. checking no_input_delay (0)
6. checking no_output_delay (0)
7. checking multiple_clock (0)
8. checking generated_clocks (0)
9. checking loops (0)
10. checking partial_input_delay (0)
11. checking partial_output_delay (0)
12. checking latch_loops (0)

1. checking no_clock (0)
------------------------
 There are 0 register/latch pins with no clock.


2. checking constant_clock (0)
------------------------------
 There are 0 register/latch pins with constant_clock.


3. checking pulse_width_clock (0)
---------------------------------
 There are 0 register/latch pins which need pulse_width check


4. checking unconstrained_internal_endpoints (0)
------------------------------------------------
 There are 0 pins that are not constrained for maximum delay.

 There are 0 pins that are not constrained for maximum delay due to constant clock.


5. checking no_input_delay (0)
------------------------------
 There are 0 input ports with no input delay specified.

 There are 0 input ports with no input delay but user has a false path constraint.


6. checking no_output_delay (0)
-------------------------------
 There are 0 ports with no output delay specified.

 There are 0 ports with no output delay but user has a false path constraint

 There are 0 ports with no output delay but with a timing clock defined on it or propagating through it


7. checking multiple_clock (0)
------------------------------
 There are 0 register/latch pins with multiple clocks.


8. checking generated_clocks (0)
--------------------------------
 There are 0 generated clocks that are not connected to a clock source.


9. checking loops (0)
---------------------
 There are 0 combinational loops in the design.


10. checking partial_input_delay (0)
------------------------------------
 There are 0 input ports with partial input delay specified.


11. checking partial_output_delay (0)
-------------------------------------
 There are 0 ports with partial output delay specified.


12. checking latch_loops (0)
----------------------------
 There are 0 combinational latch loops in the design through latch input



------------------------------------------------------------------------------------------------
| Design Timing Summary
| ---------------------
------------------------------------------------------------------------------------------------

    WNS(ns)      TNS(ns)  TNS Failing Endpoints  TNS Total Endpoints      WHS(ns)      THS(ns)  THS Failing Endpoints  THS Total Endpoints     WPWS(ns)     TPWS(ns)  TPWS Failing Endpoints  TPWS Total Endpoints  
    -------      -------  ---------------------  -------------------      -------      -------  ---------------------  -------------------     --------     --------  ----------------------  --------------------  
      0.124        0.000                      0                21569        0.008        0.000                      0                21569        2.633        0.000                       0                  7224  


All user specified timing constraints are met.


------------------------------------------------------------------------------------------------
| Clock Summary
| -------------
------------------------------------------------------------------------------------------------

Clock                      Waveform(ns)       Period(ns)      Frequency(MHz)
-----                      ------------       ----------      --------------
salsa_top_100mhz_clk       {0.000 5.000}      10.000          100.000         
  clk_out1_clk_wiz_0       {0.000 6.250}      12.500          80.000          
  clkfbout_clk_wiz_0       {0.000 25.000}     50.000          20.000          
  salsa_top_80mhz_pll_clk  {0.000 6.250}      12.500          80.000          


------------------------------------------------------------------------------------------------
| Intra Clock Table
| -----------------
------------------------------------------------------------------------------------------------

Clock                          WNS(ns)      TNS(ns)  TNS Failing Endpoints  TNS Total Endpoints      WHS(ns)      THS(ns)  THS Failing Endpoints  THS Total Endpoints     WPWS(ns)     TPWS(ns)  TPWS Failing Endpoints  TPWS Total Endpoints  
-----                          -------      -------  ---------------------  -------------------      -------      -------  ---------------------  -------------------     --------     --------  ----------------------  --------------------  
salsa_top_100mhz_clk                                                                                                                                                         3.000        0.000                       0                     1  
  clk_out1_clk_wiz_0                                                                                                                                                        10.345        0.000                       0                     2  
  clkfbout_clk_wiz_0                                                                                                                                                         2.633        0.000                       0                     3  
  salsa_top_80mhz_pll_clk        0.124        0.000                      0                14359        0.008        0.000                      0                14359        5.750        0.000                       0                  7218  


------------------------------------------------------------------------------------------------
| Inter Clock Table
| -----------------
------------------------------------------------------------------------------------------------

From Clock    To Clock          WNS(ns)      TNS(ns)  TNS Failing Endpoints  TNS Total Endpoints      WHS(ns)      THS(ns)  THS Failing Endpoints  THS Total Endpoints  
----------    --------          -------      -------  ---------------------  -------------------      -------      -------  ---------------------  -------------------  


------------------------------------------------------------------------------------------------
| Other Path Groups Table
| -----------------------
------------------------------------------------------------------------------------------------

Path Group               From Clock               To Clock                     WNS(ns)      TNS(ns)  TNS Failing Endpoints  TNS Total Endpoints      WHS(ns)      THS(ns)  THS Failing Endpoints  THS Total Endpoints  
----------               ----------               --------                     -------      -------  ---------------------  -------------------      -------      -------  ---------------------  -------------------  
**async_default**        salsa_top_80mhz_pll_clk  salsa_top_80mhz_pll_clk        3.221        0.000                      0                 7210        0.449        0.000                      0                 7210  


------------------------------------------------------------------------------------------------
| User Ignored Path Table
| -----------------------
------------------------------------------------------------------------------------------------

Path Group    From Clock    To Clock    
----------    ----------    --------    


------------------------------------------------------------------------------------------------
| Unconstrained Path Table
| ------------------------
------------------------------------------------------------------------------------------------

Path Group          From Clock          To Clock          
----------          ----------          --------          
(none)              clkfbout_clk_wiz_0                      


------------------------------------------------------------------------------------------------
| Timing Details
| --------------
------------------------------------------------------------------------------------------------


---------------------------------------------------------------------------------------------------
From Clock:  salsa_top_100mhz_clk
  To Clock:  salsa_top_100mhz_clk

Setup :           NA  Failing Endpoints,  Worst Slack           NA  ,  Total Violation           NA
Hold  :           NA  Failing Endpoints,  Worst Slack           NA  ,  Total Violation           NA
PW    :            0  Failing Endpoints,  Worst Slack        3.000ns,  Total Violation        0.000ns
---------------------------------------------------------------------------------------------------


Pulse Width Checks
--------------------------------------------------------------------------------------
Clock Name:         salsa_top_100mhz_clk
Waveform(ns):       { 0.000 5.000 }
Period(ns):         10.000
Sources:            { salsa_top_100mhz_clk }

Check Type        Corner  Lib Pin           Reference Pin  Required(ns)  Actual(ns)  Slack(ns)  Location        Pin
Min Period        n/a     PLLE2_ADV/CLKIN1  n/a            1.249         10.000      8.751      PLLE2_ADV_X1Y0  salsa_top_xilinix_ip_pll/inst/plle2_adv_inst/CLKIN1
Max Period        n/a     PLLE2_ADV/CLKIN1  n/a            52.633        10.000      42.633     PLLE2_ADV_X1Y0  salsa_top_xilinix_ip_pll/inst/plle2_adv_inst/CLKIN1
Low Pulse Width   Slow    PLLE2_ADV/CLKIN1  n/a            2.000         5.000       3.000      PLLE2_ADV_X1Y0  salsa_top_xilinix_ip_pll/inst/plle2_adv_inst/CLKIN1
Low Pulse Width   Fast    PLLE2_ADV/CLKIN1  n/a            2.000         5.000       3.000      PLLE2_ADV_X1Y0  salsa_top_xilinix_ip_pll/inst/plle2_adv_inst/CLKIN1
High Pulse Width  Slow    PLLE2_ADV/CLKIN1  n/a            2.000         5.000       3.000      PLLE2_ADV_X1Y0  salsa_top_xilinix_ip_pll/inst/plle2_adv_inst/CLKIN1
High Pulse Width  Fast    PLLE2_ADV/CLKIN1  n/a            2.000         5.000       3.000      PLLE2_ADV_X1Y0  salsa_top_xilinix_ip_pll/inst/plle2_adv_inst/CLKIN1



---------------------------------------------------------------------------------------------------
From Clock:  clk_out1_clk_wiz_0
  To Clock:  clk_out1_clk_wiz_0

Setup :           NA  Failing Endpoints,  Worst Slack           NA  ,  Total Violation           NA
Hold  :           NA  Failing Endpoints,  Worst Slack           NA  ,  Total Violation           NA
PW    :            0  Failing Endpoints,  Worst Slack       10.345ns,  Total Violation        0.000ns
---------------------------------------------------------------------------------------------------


Pulse Width Checks
--------------------------------------------------------------------------------------
Clock Name:         clk_out1_clk_wiz_0
Waveform(ns):       { 0.000 6.250 }
Period(ns):         12.500
Sources:            { salsa_top_xilinix_ip_pll/inst/plle2_adv_inst/CLKOUT0 }

Check Type  Corner  Lib Pin            Reference Pin  Required(ns)  Actual(ns)  Slack(ns)  Location        Pin
Min Period  n/a     BUFG/I             n/a            2.155         12.500      10.345     BUFGCTRL_X0Y0   salsa_top_xilinix_ip_pll/inst/clkout1_buf/I
Min Period  n/a     PLLE2_ADV/CLKOUT0  n/a            1.249         12.500      11.251     PLLE2_ADV_X1Y0  salsa_top_xilinix_ip_pll/inst/plle2_adv_inst/CLKOUT0
Max Period  n/a     PLLE2_ADV/CLKOUT0  n/a            160.000       12.500      147.500    PLLE2_ADV_X1Y0  salsa_top_xilinix_ip_pll/inst/plle2_adv_inst/CLKOUT0



---------------------------------------------------------------------------------------------------
From Clock:  clkfbout_clk_wiz_0
  To Clock:  clkfbout_clk_wiz_0

Setup :           NA  Failing Endpoints,  Worst Slack           NA  ,  Total Violation           NA
Hold  :           NA  Failing Endpoints,  Worst Slack           NA  ,  Total Violation           NA
PW    :            0  Failing Endpoints,  Worst Slack        2.633ns,  Total Violation        0.000ns
---------------------------------------------------------------------------------------------------


Pulse Width Checks
--------------------------------------------------------------------------------------
Clock Name:         clkfbout_clk_wiz_0
Waveform(ns):       { 0.000 25.000 }
Period(ns):         50.000
Sources:            { salsa_top_xilinix_ip_pll/inst/plle2_adv_inst/CLKFBOUT }

Check Type  Corner  Lib Pin             Reference Pin  Required(ns)  Actual(ns)  Slack(ns)  Location        Pin
Min Period  n/a     BUFG/I              n/a            2.155         50.000      47.845     BUFGCTRL_X0Y1   salsa_top_xilinix_ip_pll/inst/clkf_buf/I
Min Period  n/a     PLLE2_ADV/CLKFBOUT  n/a            1.249         50.000      48.751     PLLE2_ADV_X1Y0  salsa_top_xilinix_ip_pll/inst/plle2_adv_inst/CLKFBOUT
Min Period  n/a     PLLE2_ADV/CLKFBIN   n/a            1.249         50.000      48.751     PLLE2_ADV_X1Y0  salsa_top_xilinix_ip_pll/inst/plle2_adv_inst/CLKFBIN
Max Period  n/a     PLLE2_ADV/CLKFBIN   n/a            52.633        50.000      2.633      PLLE2_ADV_X1Y0  salsa_top_xilinix_ip_pll/inst/plle2_adv_inst/CLKFBIN
Max Period  n/a     PLLE2_ADV/CLKFBOUT  n/a            160.000       50.000      110.000    PLLE2_ADV_X1Y0  salsa_top_xilinix_ip_pll/inst/plle2_adv_inst/CLKFBOUT



---------------------------------------------------------------------------------------------------
From Clock:  salsa_top_80mhz_pll_clk
  To Clock:  salsa_top_80mhz_pll_clk

Setup :            0  Failing Endpoints,  Worst Slack        0.124ns,  Total Violation        0.000ns
Hold  :            0  Failing Endpoints,  Worst Slack        0.008ns,  Total Violation        0.000ns
PW    :            0  Failing Endpoints,  Worst Slack        5.750ns,  Total Violation        0.000ns
---------------------------------------------------------------------------------------------------


Max Delay Paths
--------------------------------------------------------------------------------------
Slack (MET) :             0.124ns  (required time - arrival time)
  Source:                 u_salsa_hash_interative_wrapper/u_hash_interative_with_d_r_c/u_d_r_c_round_interative/qr_0_in_reg[0]/C
                            (rising edge-triggered cell FDCE clocked by salsa_top_80mhz_pll_clk  {rise@0.000ns fall@6.250ns period=12.500ns})
  Destination:            u_salsa_hash_interative_wrapper/u_hash_interative_with_d_r_c/u_d_r_c_round_interative/matrix_after_row_reg[1][1][15]/D
                            (rising edge-triggered cell FDCE clocked by salsa_top_80mhz_pll_clk  {rise@0.000ns fall@6.250ns period=12.500ns})
  Path Group:             salsa_top_80mhz_pll_clk
  Path Type:              Setup (Max at Slow Process Corner)
  Requirement:            12.500ns  (salsa_top_80mhz_pll_clk rise@12.500ns - salsa_top_80mhz_pll_clk rise@0.000ns)
  Data Path Delay:        12.066ns  (logic 7.330ns (60.747%)  route 4.736ns (39.253%))
  Logic Levels:           33  (CARRY4=28 LUT2=2 LUT3=1 LUT4=2)
  Clock Path Skew:        -0.123ns (DCD - SCD + CPR)
    Destination Clock Delay (DCD):    -2.073ns = ( 10.427 - 12.500 ) 
    Source Clock Delay      (SCD):    -2.456ns
    Clock Pessimism Removal (CPR):    -0.505ns
  Clock Uncertainty:      0.147ns  ((TSJ^2 + DJ^2)^1/2) / 2 + PE
    Total System Jitter     (TSJ):    0.071ns
    Discrete Jitter          (DJ):    0.286ns
    Phase Error              (PE):    0.000ns

    Location             Delay type                Incr(ns)  Path(ns)    Netlist Resource(s)
  -------------------------------------------------------------------    -------------------
                         (clock salsa_top_80mhz_pll_clk rise edge)
                                                      0.000     0.000 r  
    W5                                                0.000     0.000 r  salsa_top_100mhz_clk (IN)
                         net (fo=0)                   0.000     0.000    salsa_top_xilinix_ip_pll/inst/clk_in1
    W5                   IBUF (Prop_ibuf_I_O)         1.458     1.458 r  salsa_top_xilinix_ip_pll/inst/clkin1_ibufg/O
                         net (fo=1, routed)           1.253     2.711    salsa_top_xilinix_ip_pll/inst/clk_in1_clk_wiz_0
    PLLE2_ADV_X1Y0       PLLE2_ADV (Prop_plle2_adv_CLKIN1_CLKOUT0)
                                                     -8.482    -5.770 r  salsa_top_xilinix_ip_pll/inst/plle2_adv_inst/CLKOUT0
                         net (fo=1, routed)           1.655    -4.115    salsa_top_xilinix_ip_pll/inst/clk_out1_clk_wiz_0
    BUFGCTRL_X0Y0        BUFG (Prop_bufg_I_O)         0.096    -4.019 r  salsa_top_xilinix_ip_pll/inst/clkout1_buf/O
                         net (fo=7218, routed)        1.563    -2.456    u_salsa_hash_interative_wrapper/u_hash_interative_with_d_r_c/u_d_r_c_round_interative/clk_out1
    SLICE_X29Y38         FDCE                                         r  u_salsa_hash_interative_wrapper/u_hash_interative_with_d_r_c/u_d_r_c_round_interative/qr_0_in_reg[0]/C
  -------------------------------------------------------------------    -------------------
    SLICE_X29Y38         FDCE (Prop_fdce_C_Q)         0.456    -2.000 r  u_salsa_hash_interative_wrapper/u_hash_interative_with_d_r_c/u_d_r_c_round_interative/qr_0_in_reg[0]/Q
                         net (fo=5, routed)           0.765    -1.234    u_salsa_hash_interative_wrapper/u_hash_interative_with_d_r_c/u_d_r_c_round_interative/u_quarter_round/Q[0]
    SLICE_X28Y41         LUT2 (Prop_lut2_I0_O)        0.124    -1.110 r  u_salsa_hash_interative_wrapper/u_hash_interative_with_d_r_c/u_d_r_c_round_interative/u_quarter_round/add_10_carry_i_4/O
                         net (fo=1, routed)           0.000    -1.110    u_salsa_hash_interative_wrapper/u_hash_interative_with_d_r_c/u_d_r_c_round_interative/u_quarter_round/add_10_carry_i_4_n_0
    SLICE_X28Y41         CARRY4 (Prop_carry4_S[0]_CO[3])
                                                      0.532    -0.578 r  u_salsa_hash_interative_wrapper/u_hash_interative_with_d_r_c/u_d_r_c_round_interative/u_quarter_round/add_10_carry/CO[3]
                         net (fo=1, routed)           0.000    -0.578    u_salsa_hash_interative_wrapper/u_hash_interative_with_d_r_c/u_d_r_c_round_interative/u_quarter_round/add_10_carry_n_0
    SLICE_X28Y42         CARRY4 (Prop_carry4_CI_CO[3])
                                                      0.114    -0.464 r  u_salsa_hash_interative_wrapper/u_hash_interative_with_d_r_c/u_d_r_c_round_interative/u_quarter_round/add_10_carry__0/CO[3]
                         net (fo=1, routed)           0.000    -0.464    u_salsa_hash_interative_wrapper/u_hash_interative_with_d_r_c/u_d_r_c_round_interative/u_quarter_round/add_10_carry__0_n_0
    SLICE_X28Y43         CARRY4 (Prop_carry4_CI_CO[3])
                                                      0.114    -0.350 r  u_salsa_hash_interative_wrapper/u_hash_interative_with_d_r_c/u_d_r_c_round_interative/u_quarter_round/add_10_carry__1/CO[3]
                         net (fo=1, routed)           0.000    -0.350    u_salsa_hash_interative_wrapper/u_hash_interative_with_d_r_c/u_d_r_c_round_interative/u_quarter_round/add_10_carry__1_n_0
    SLICE_X28Y44         CARRY4 (Prop_carry4_CI_CO[3])
                                                      0.114    -0.236 r  u_salsa_hash_interative_wrapper/u_hash_interative_with_d_r_c/u_d_r_c_round_interative/u_quarter_round/add_10_carry__2/CO[3]
                         net (fo=1, routed)           0.000    -0.236    u_salsa_hash_interative_wrapper/u_hash_interative_with_d_r_c/u_d_r_c_round_interative/u_quarter_round/add_10_carry__2_n_0
    SLICE_X28Y45         CARRY4 (Prop_carry4_CI_CO[3])
                                                      0.114    -0.122 r  u_salsa_hash_interative_wrapper/u_hash_interative_with_d_r_c/u_d_r_c_round_interative/u_quarter_round/add_10_carry__3/CO[3]
                         net (fo=1, routed)           0.000    -0.122    u_salsa_hash_interative_wrapper/u_hash_interative_with_d_r_c/u_d_r_c_round_interative/u_quarter_round/add_10_carry__3_n_0
    SLICE_X28Y46         CARRY4 (Prop_carry4_CI_CO[3])
                                                      0.114    -0.008 r  u_salsa_hash_interative_wrapper/u_hash_interative_with_d_r_c/u_d_r_c_round_interative/u_quarter_round/add_10_carry__4/CO[3]
                         net (fo=1, routed)           0.000    -0.008    u_salsa_hash_interative_wrapper/u_hash_interative_with_d_r_c/u_d_r_c_round_interative/u_quarter_round/add_10_carry__4_n_0
    SLICE_X28Y47         CARRY4 (Prop_carry4_CI_O[1])
                                                      0.334     0.326 r  u_salsa_hash_interative_wrapper/u_hash_interative_with_d_r_c/u_d_r_c_round_interative/u_quarter_round/add_10_carry__5/O[1]
                         net (fo=3, routed)           0.859     1.185    u_salsa_hash_interative_wrapper/u_hash_interative_with_d_r_c/u_d_r_c_round_interative/u_quarter_round/add_1[25]
    SLICE_X29Y42         LUT3 (Prop_lut3_I1_O)        0.303     1.488 r  u_salsa_hash_interative_wrapper/u_hash_interative_with_d_r_c/u_d_r_c_round_interative/u_quarter_round/add_20_carry_i_4/O
                         net (fo=1, routed)           0.000     1.488    u_salsa_hash_interative_wrapper/u_hash_interative_with_d_r_c/u_d_r_c_round_interative/u_quarter_round/add_20_carry_i_4_n_0
    SLICE_X29Y42         CARRY4 (Prop_carry4_S[0]_CO[3])
                                                      0.532     2.020 r  u_salsa_hash_interative_wrapper/u_hash_interative_with_d_r_c/u_d_r_c_round_interative/u_quarter_round/add_20_carry/CO[3]
                         net (fo=1, routed)           0.000     2.020    u_salsa_hash_interative_wrapper/u_hash_interative_with_d_r_c/u_d_r_c_round_interative/u_quarter_round/add_20_carry_n_0
    SLICE_X29Y43         CARRY4 (Prop_carry4_CI_CO[3])
                                                      0.114     2.134 r  u_salsa_hash_interative_wrapper/u_hash_interative_with_d_r_c/u_d_r_c_round_interative/u_quarter_round/add_20_carry__0/CO[3]
                         net (fo=1, routed)           0.000     2.134    u_salsa_hash_interative_wrapper/u_hash_interative_with_d_r_c/u_d_r_c_round_interative/u_quarter_round/add_20_carry__0_n_0
    SLICE_X29Y44         CARRY4 (Prop_carry4_CI_CO[3])
                                                      0.114     2.248 r  u_salsa_hash_interative_wrapper/u_hash_interative_with_d_r_c/u_d_r_c_round_interative/u_quarter_round/add_20_carry__1/CO[3]
                         net (fo=1, routed)           0.000     2.248    u_salsa_hash_interative_wrapper/u_hash_interative_with_d_r_c/u_d_r_c_round_interative/u_quarter_round/add_20_carry__1_n_0
    SLICE_X29Y45         CARRY4 (Prop_carry4_CI_CO[3])
                                                      0.114     2.362 r  u_salsa_hash_interative_wrapper/u_hash_interative_with_d_r_c/u_d_r_c_round_interative/u_quarter_round/add_20_carry__2/CO[3]
                         net (fo=1, routed)           0.000     2.362    u_salsa_hash_interative_wrapper/u_hash_interative_with_d_r_c/u_d_r_c_round_interative/u_quarter_round/add_20_carry__2_n_0
    SLICE_X29Y46         CARRY4 (Prop_carry4_CI_CO[3])
                                                      0.114     2.476 r  u_salsa_hash_interative_wrapper/u_hash_interative_with_d_r_c/u_d_r_c_round_interative/u_quarter_round/add_20_carry__3/CO[3]
                         net (fo=1, routed)           0.000     2.476    u_salsa_hash_interative_wrapper/u_hash_interative_with_d_r_c/u_d_r_c_round_interative/u_quarter_round/add_20_carry__3_n_0
    SLICE_X29Y47         CARRY4 (Prop_carry4_CI_CO[3])
                                                      0.114     2.590 r  u_salsa_hash_interative_wrapper/u_hash_interative_with_d_r_c/u_d_r_c_round_interative/u_quarter_round/add_20_carry__4/CO[3]
                         net (fo=1, routed)           0.000     2.590    u_salsa_hash_interative_wrapper/u_hash_interative_with_d_r_c/u_d_r_c_round_interative/u_quarter_round/add_20_carry__4_n_0
    SLICE_X29Y48         CARRY4 (Prop_carry4_CI_CO[3])
                                                      0.114     2.704 r  u_salsa_hash_interative_wrapper/u_hash_interative_with_d_r_c/u_d_r_c_round_interative/u_quarter_round/add_20_carry__5/CO[3]
                         net (fo=1, routed)           0.000     2.704    u_salsa_hash_interative_wrapper/u_hash_interative_with_d_r_c/u_d_r_c_round_interative/u_quarter_round/add_20_carry__5_n_0
    SLICE_X29Y49         CARRY4 (Prop_carry4_CI_O[0])
                                                      0.222     2.926 r  u_salsa_hash_interative_wrapper/u_hash_interative_with_d_r_c/u_d_r_c_round_interative/u_quarter_round/add_20_carry__6/O[0]
                         net (fo=4, routed)           0.934     3.860    u_salsa_hash_interative_wrapper/u_hash_interative_with_d_r_c/u_d_r_c_round_interative/u_quarter_round/add_2[28]
    SLICE_X31Y41         LUT4 (Prop_lut4_I1_O)        0.299     4.159 r  u_salsa_hash_interative_wrapper/u_hash_interative_with_d_r_c/u_d_r_c_round_interative/u_quarter_round/add_30_carry__0_i_7/O
                         net (fo=1, routed)           0.000     4.159    u_salsa_hash_interative_wrapper/u_hash_interative_with_d_r_c/u_d_r_c_round_interative/u_quarter_round/add_30_carry__0_i_7_n_0
    SLICE_X31Y41         CARRY4 (Prop_carry4_S[1]_CO[3])
                                                      0.550     4.709 r  u_salsa_hash_interative_wrapper/u_hash_interative_with_d_r_c/u_d_r_c_round_interative/u_quarter_round/add_30_carry__0/CO[3]
                         net (fo=1, routed)           0.000     4.709    u_salsa_hash_interative_wrapper/u_hash_interative_with_d_r_c/u_d_r_c_round_interative/u_quarter_round/add_30_carry__0_n_0
    SLICE_X31Y42         CARRY4 (Prop_carry4_CI_CO[3])
                                                      0.114     4.823 r  u_salsa_hash_interative_wrapper/u_hash_interative_with_d_r_c/u_d_r_c_round_interative/u_quarter_round/add_30_carry__1/CO[3]
                         net (fo=1, routed)           0.000     4.823    u_salsa_hash_interative_wrapper/u_hash_interative_with_d_r_c/u_d_r_c_round_interative/u_quarter_round/add_30_carry__1_n_0
    SLICE_X31Y43         CARRY4 (Prop_carry4_CI_CO[3])
                                                      0.114     4.937 r  u_salsa_hash_interative_wrapper/u_hash_interative_with_d_r_c/u_d_r_c_round_interative/u_quarter_round/add_30_carry__2/CO[3]
                         net (fo=1, routed)           0.000     4.937    u_salsa_hash_interative_wrapper/u_hash_interative_with_d_r_c/u_d_r_c_round_interative/u_quarter_round/add_30_carry__2_n_0
    SLICE_X31Y44         CARRY4 (Prop_carry4_CI_CO[3])
                                                      0.114     5.051 r  u_salsa_hash_interative_wrapper/u_hash_interative_with_d_r_c/u_d_r_c_round_interative/u_quarter_round/add_30_carry__3/CO[3]
                         net (fo=1, routed)           0.000     5.051    u_salsa_hash_interative_wrapper/u_hash_interative_with_d_r_c/u_d_r_c_round_interative/u_quarter_round/add_30_carry__3_n_0
    SLICE_X31Y45         CARRY4 (Prop_carry4_CI_CO[3])
                                                      0.114     5.165 r  u_salsa_hash_interative_wrapper/u_hash_interative_with_d_r_c/u_d_r_c_round_interative/u_quarter_round/add_30_carry__4/CO[3]
                         net (fo=1, routed)           0.000     5.165    u_salsa_hash_interative_wrapper/u_hash_interative_with_d_r_c/u_d_r_c_round_interative/u_quarter_round/add_30_carry__4_n_0
    SLICE_X31Y46         CARRY4 (Prop_carry4_CI_O[0])
                                                      0.222     5.387 r  u_salsa_hash_interative_wrapper/u_hash_interative_with_d_r_c/u_d_r_c_round_interative/u_quarter_round/add_30_carry__5/O[0]
                         net (fo=3, routed)           0.738     6.125    u_salsa_hash_interative_wrapper/u_hash_interative_with_d_r_c/u_d_r_c_round_interative/u_quarter_round/add_3[24]
    SLICE_X30Y43         LUT4 (Prop_lut4_I1_O)        0.299     6.424 r  u_salsa_hash_interative_wrapper/u_hash_interative_with_d_r_c/u_d_r_c_round_interative/u_quarter_round/add_40_carry__0_i_7/O
                         net (fo=1, routed)           0.000     6.424    u_salsa_hash_interative_wrapper/u_hash_interative_with_d_r_c/u_d_r_c_round_interative/u_quarter_round/add_40_carry__0_i_7_n_0
    SLICE_X30Y43         CARRY4 (Prop_carry4_S[1]_CO[3])
                                                      0.533     6.957 r  u_salsa_hash_interative_wrapper/u_hash_interative_with_d_r_c/u_d_r_c_round_interative/u_quarter_round/add_40_carry__0/CO[3]
                         net (fo=1, routed)           0.000     6.957    u_salsa_hash_interative_wrapper/u_hash_interative_with_d_r_c/u_d_r_c_round_interative/u_quarter_round/add_40_carry__0_n_0
    SLICE_X30Y44         CARRY4 (Prop_carry4_CI_CO[3])
                                                      0.117     7.074 r  u_salsa_hash_interative_wrapper/u_hash_interative_with_d_r_c/u_d_r_c_round_interative/u_quarter_round/add_40_carry__1/CO[3]
                         net (fo=1, routed)           0.000     7.074    u_salsa_hash_interative_wrapper/u_hash_interative_with_d_r_c/u_d_r_c_round_interative/u_quarter_round/add_40_carry__1_n_0
    SLICE_X30Y45         CARRY4 (Prop_carry4_CI_CO[3])
                                                      0.117     7.191 r  u_salsa_hash_interative_wrapper/u_hash_interative_with_d_r_c/u_d_r_c_round_interative/u_quarter_round/add_40_carry__2/CO[3]
                         net (fo=1, routed)           0.000     7.191    u_salsa_hash_interative_wrapper/u_hash_interative_with_d_r_c/u_d_r_c_round_interative/u_quarter_round/add_40_carry__2_n_0
    SLICE_X30Y46         CARRY4 (Prop_carry4_CI_CO[3])
                                                      0.117     7.308 r  u_salsa_hash_interative_wrapper/u_hash_interative_with_d_r_c/u_d_r_c_round_interative/u_quarter_round/add_40_carry__3/CO[3]
                         net (fo=1, routed)           0.000     7.308    u_salsa_hash_interative_wrapper/u_hash_interative_with_d_r_c/u_d_r_c_round_interative/u_quarter_round/add_40_carry__3_n_0
    SLICE_X30Y47         CARRY4 (Prop_carry4_CI_CO[3])
                                                      0.117     7.425 r  u_salsa_hash_interative_wrapper/u_hash_interative_with_d_r_c/u_d_r_c_round_interative/u_quarter_round/add_40_carry__4/CO[3]
                         net (fo=1, routed)           0.000     7.425    u_salsa_hash_interative_wrapper/u_hash_interative_with_d_r_c/u_d_r_c_round_interative/u_quarter_round/add_40_carry__4_n_0
    SLICE_X30Y48         CARRY4 (Prop_carry4_CI_CO[3])
                                                      0.117     7.542 r  u_salsa_hash_interative_wrapper/u_hash_interative_with_d_r_c/u_d_r_c_round_interative/u_quarter_round/add_40_carry__5/CO[3]
                         net (fo=1, routed)           0.000     7.542    u_salsa_hash_interative_wrapper/u_hash_interative_with_d_r_c/u_d_r_c_round_interative/u_quarter_round/add_40_carry__5_n_0
    SLICE_X30Y49         CARRY4 (Prop_carry4_CI_O[1])
                                                      0.323     7.865 r  u_salsa_hash_interative_wrapper/u_hash_interative_with_d_r_c/u_d_r_c_round_interative/u_quarter_round/add_40_carry__6/O[1]
                         net (fo=1, routed)           0.682     8.547    u_salsa_hash_interative_wrapper/u_hash_interative_with_d_r_c/u_d_r_c_round_interative/u_quarter_round/add_4[29]
    SLICE_X15Y49         LUT2 (Prop_lut2_I0_O)        0.306     8.853 r  u_salsa_hash_interative_wrapper/u_hash_interative_with_d_r_c/u_d_r_c_round_interative/u_quarter_round/matrix_after_col[0][0][15]_i_1/O
                         net (fo=8, routed)           0.758     9.611    u_salsa_hash_interative_wrapper/u_hash_interative_with_d_r_c/u_d_r_c_round_interative/qr_0_out[15]
    SLICE_X15Y51         FDCE                                         r  u_salsa_hash_interative_wrapper/u_hash_interative_with_d_r_c/u_d_r_c_round_interative/matrix_after_row_reg[1][1][15]/D
  -------------------------------------------------------------------    -------------------

                         (clock salsa_top_80mhz_pll_clk rise edge)
                                                     12.500    12.500 r  
    W5                                                0.000    12.500 r  salsa_top_100mhz_clk (IN)
                         net (fo=0)                   0.000    12.500    salsa_top_xilinix_ip_pll/inst/clk_in1
    W5                   IBUF (Prop_ibuf_I_O)         1.388    13.888 r  salsa_top_xilinix_ip_pll/inst/clkin1_ibufg/O
                         net (fo=1, routed)           1.181    15.069    salsa_top_xilinix_ip_pll/inst/clk_in1_clk_wiz_0
    PLLE2_ADV_X1Y0       PLLE2_ADV (Prop_plle2_adv_CLKIN1_CLKOUT0)
                                                     -7.750     7.319 r  salsa_top_xilinix_ip_pll/inst/plle2_adv_inst/CLKOUT0
                         net (fo=1, routed)           1.576     8.896    salsa_top_xilinix_ip_pll/inst/clk_out1_clk_wiz_0
    BUFGCTRL_X0Y0        BUFG (Prop_bufg_I_O)         0.091     8.987 r  salsa_top_xilinix_ip_pll/inst/clkout1_buf/O
                         net (fo=7218, routed)        1.441    10.427    u_salsa_hash_interative_wrapper/u_hash_interative_with_d_r_c/u_d_r_c_round_interative/clk_out1
    SLICE_X15Y51         FDCE                                         r  u_salsa_hash_interative_wrapper/u_hash_interative_with_d_r_c/u_d_r_c_round_interative/matrix_after_row_reg[1][1][15]/C
                         clock pessimism             -0.505     9.922    
                         clock uncertainty           -0.147     9.775    
    SLICE_X15Y51         FDCE (Setup_fdce_C_D)       -0.040     9.735    u_salsa_hash_interative_wrapper/u_hash_interative_with_d_r_c/u_d_r_c_round_interative/matrix_after_row_reg[1][1][15]
  -------------------------------------------------------------------
                         required time                          9.735    
                         arrival time                          -9.611    
  -------------------------------------------------------------------
                         slack                                  0.124    

Slack (MET) :             0.353ns  (required time - arrival time)
  Source:                 u_salsa_hash_interative_wrapper/u_hash_interative_with_d_r_c/u_d_r_c_round_interative/qr_0_in_reg[0]/C
                            (rising edge-triggered cell FDCE clocked by salsa_top_80mhz_pll_clk  {rise@0.000ns fall@6.250ns period=12.500ns})
  Destination:            u_salsa_hash_interative_wrapper/u_hash_interative_with_d_r_c/u_d_r_c_round_interative/matrix_after_row_reg[2][2][15]/D
                            (rising edge-triggered cell FDCE clocked by salsa_top_80mhz_pll_clk  {rise@0.000ns fall@6.250ns period=12.500ns})
  Path Group:             salsa_top_80mhz_pll_clk
  Path Type:              Setup (Max at Slow Process Corner)
  Requirement:            12.500ns  (salsa_top_80mhz_pll_clk rise@12.500ns - salsa_top_80mhz_pll_clk rise@0.000ns)
  Data Path Delay:        11.837ns  (logic 7.330ns (61.926%)  route 4.507ns (38.074%))
  Logic Levels:           33  (CARRY4=28 LUT2=2 LUT3=1 LUT4=2)
  Clock Path Skew:        -0.123ns (DCD - SCD + CPR)
    Destination Clock Delay (DCD):    -2.073ns = ( 10.427 - 12.500 ) 
    Source Clock Delay      (SCD):    -2.456ns
    Clock Pessimism Removal (CPR):    -0.505ns
  Clock Uncertainty:      0.147ns  ((TSJ^2 + DJ^2)^1/2) / 2 + PE
    Total System Jitter     (TSJ):    0.071ns
    Discrete Jitter          (DJ):    0.286ns
    Phase Error              (PE):    0.000ns

    Location             Delay type                Incr(ns)  Path(ns)    Netlist Resource(s)
  -------------------------------------------------------------------    -------------------
                         (clock salsa_top_80mhz_pll_clk rise edge)
                                                      0.000     0.000 r  
    W5                                                0.000     0.000 r  salsa_top_100mhz_clk (IN)
                         net (fo=0)                   0.000     0.000    salsa_top_xilinix_ip_pll/inst/clk_in1
    W5                   IBUF (Prop_ibuf_I_O)         1.458     1.458 r  salsa_top_xilinix_ip_pll/inst/clkin1_ibufg/O
                         net (fo=1, routed)           1.253     2.711    salsa_top_xilinix_ip_pll/inst/clk_in1_clk_wiz_0
    PLLE2_ADV_X1Y0       PLLE2_ADV (Prop_plle2_adv_CLKIN1_CLKOUT0)
                                                     -8.482    -5.770 r  salsa_top_xilinix_ip_pll/inst/plle2_adv_inst/CLKOUT0
                         net (fo=1, routed)           1.655    -4.115    salsa_top_xilinix_ip_pll/inst/clk_out1_clk_wiz_0
    BUFGCTRL_X0Y0        BUFG (Prop_bufg_I_O)         0.096    -4.019 r  salsa_top_xilinix_ip_pll/inst/clkout1_buf/O
                         net (fo=7218, routed)        1.563    -2.456    u_salsa_hash_interative_wrapper/u_hash_interative_with_d_r_c/u_d_r_c_round_interative/clk_out1
    SLICE_X29Y38         FDCE                                         r  u_salsa_hash_interative_wrapper/u_hash_interative_with_d_r_c/u_d_r_c_round_interative/qr_0_in_reg[0]/C
  -------------------------------------------------------------------    -------------------
    SLICE_X29Y38         FDCE (Prop_fdce_C_Q)         0.456    -2.000 r  u_salsa_hash_interative_wrapper/u_hash_interative_with_d_r_c/u_d_r_c_round_interative/qr_0_in_reg[0]/Q
                         net (fo=5, routed)           0.765    -1.234    u_salsa_hash_interative_wrapper/u_hash_interative_with_d_r_c/u_d_r_c_round_interative/u_quarter_round/Q[0]
    SLICE_X28Y41         LUT2 (Prop_lut2_I0_O)        0.124    -1.110 r  u_salsa_hash_interative_wrapper/u_hash_interative_with_d_r_c/u_d_r_c_round_interative/u_quarter_round/add_10_carry_i_4/O
                         net (fo=1, routed)           0.000    -1.110    u_salsa_hash_interative_wrapper/u_hash_interative_with_d_r_c/u_d_r_c_round_interative/u_quarter_round/add_10_carry_i_4_n_0
    SLICE_X28Y41         CARRY4 (Prop_carry4_S[0]_CO[3])
                                                      0.532    -0.578 r  u_salsa_hash_interative_wrapper/u_hash_interative_with_d_r_c/u_d_r_c_round_interative/u_quarter_round/add_10_carry/CO[3]
                         net (fo=1, routed)           0.000    -0.578    u_salsa_hash_interative_wrapper/u_hash_interative_with_d_r_c/u_d_r_c_round_interative/u_quarter_round/add_10_carry_n_0
    SLICE_X28Y42         CARRY4 (Prop_carry4_CI_CO[3])
                                                      0.114    -0.464 r  u_salsa_hash_interative_wrapper/u_hash_interative_with_d_r_c/u_d_r_c_round_interative/u_quarter_round/add_10_carry__0/CO[3]
                         net (fo=1, routed)           0.000    -0.464    u_salsa_hash_interative_wrapper/u_hash_interative_with_d_r_c/u_d_r_c_round_interative/u_quarter_round/add_10_carry__0_n_0
    SLICE_X28Y43         CARRY4 (Prop_carry4_CI_CO[3])
                                                      0.114    -0.350 r  u_salsa_hash_interative_wrapper/u_hash_interative_with_d_r_c/u_d_r_c_round_interative/u_quarter_round/add_10_carry__1/CO[3]
                         net (fo=1, routed)           0.000    -0.350    u_salsa_hash_interative_wrapper/u_hash_interative_with_d_r_c/u_d_r_c_round_interative/u_quarter_round/add_10_carry__1_n_0
    SLICE_X28Y44         CARRY4 (Prop_carry4_CI_CO[3])
                                                      0.114    -0.236 r  u_salsa_hash_interative_wrapper/u_hash_interative_with_d_r_c/u_d_r_c_round_interative/u_quarter_round/add_10_carry__2/CO[3]
                         net (fo=1, routed)           0.000    -0.236    u_salsa_hash_interative_wrapper/u_hash_interative_with_d_r_c/u_d_r_c_round_interative/u_quarter_round/add_10_carry__2_n_0
    SLICE_X28Y45         CARRY4 (Prop_carry4_CI_CO[3])
                                                      0.114    -0.122 r  u_salsa_hash_interative_wrapper/u_hash_interative_with_d_r_c/u_d_r_c_round_interative/u_quarter_round/add_10_carry__3/CO[3]
                         net (fo=1, routed)           0.000    -0.122    u_salsa_hash_interative_wrapper/u_hash_interative_with_d_r_c/u_d_r_c_round_interative/u_quarter_round/add_10_carry__3_n_0
    SLICE_X28Y46         CARRY4 (Prop_carry4_CI_CO[3])
                                                      0.114    -0.008 r  u_salsa_hash_interative_wrapper/u_hash_interative_with_d_r_c/u_d_r_c_round_interative/u_quarter_round/add_10_carry__4/CO[3]
                         net (fo=1, routed)           0.000    -0.008    u_salsa_hash_interative_wrapper/u_hash_interative_with_d_r_c/u_d_r_c_round_interative/u_quarter_round/add_10_carry__4_n_0
    SLICE_X28Y47         CARRY4 (Prop_carry4_CI_O[1])
                                                      0.334     0.326 r  u_salsa_hash_interative_wrapper/u_hash_interative_with_d_r_c/u_d_r_c_round_interative/u_quarter_round/add_10_carry__5/O[1]
                         net (fo=3, routed)           0.859     1.185    u_salsa_hash_interative_wrapper/u_hash_interative_with_d_r_c/u_d_r_c_round_interative/u_quarter_round/add_1[25]
    SLICE_X29Y42         LUT3 (Prop_lut3_I1_O)        0.303     1.488 r  u_salsa_hash_interative_wrapper/u_hash_interative_with_d_r_c/u_d_r_c_round_interative/u_quarter_round/add_20_carry_i_4/O
                         net (fo=1, routed)           0.000     1.488    u_salsa_hash_interative_wrapper/u_hash_interative_with_d_r_c/u_d_r_c_round_interative/u_quarter_round/add_20_carry_i_4_n_0
    SLICE_X29Y42         CARRY4 (Prop_carry4_S[0]_CO[3])
                                                      0.532     2.020 r  u_salsa_hash_interative_wrapper/u_hash_interative_with_d_r_c/u_d_r_c_round_interative/u_quarter_round/add_20_carry/CO[3]
                         net (fo=1, routed)           0.000     2.020    u_salsa_hash_interative_wrapper/u_hash_interative_with_d_r_c/u_d_r_c_round_interative/u_quarter_round/add_20_carry_n_0
    SLICE_X29Y43         CARRY4 (Prop_carry4_CI_CO[3])
                                                      0.114     2.134 r  u_salsa_hash_interative_wrapper/u_hash_interative_with_d_r_c/u_d_r_c_round_interative/u_quarter_round/add_20_carry__0/CO[3]
                         net (fo=1, routed)           0.000     2.134    u_salsa_hash_interative_wrapper/u_hash_interative_with_d_r_c/u_d_r_c_round_interative/u_quarter_round/add_20_carry__0_n_0
    SLICE_X29Y44         CARRY4 (Prop_carry4_CI_CO[3])
                                                      0.114     2.248 r  u_salsa_hash_interative_wrapper/u_hash_interative_with_d_r_c/u_d_r_c_round_interative/u_quarter_round/add_20_carry__1/CO[3]
                         net (fo=1, routed)           0.000     2.248    u_salsa_hash_interative_wrapper/u_hash_interative_with_d_r_c/u_d_r_c_round_interative/u_quarter_round/add_20_carry__1_n_0
    SLICE_X29Y45         CARRY4 (Prop_carry4_CI_CO[3])
                                                      0.114     2.362 r  u_salsa_hash_interative_wrapper/u_hash_interative_with_d_r_c/u_d_r_c_round_interative/u_quarter_round/add_20_carry__2/CO[3]
                         net (fo=1, routed)           0.000     2.362    u_salsa_hash_interative_wrapper/u_hash_interative_with_d_r_c/u_d_r_c_round_interative/u_quarter_round/add_20_carry__2_n_0
    SLICE_X29Y46         CARRY4 (Prop_carry4_CI_CO[3])
                                                      0.114     2.476 r  u_salsa_hash_interative_wrapper/u_hash_interative_with_d_r_c/u_d_r_c_round_interative/u_quarter_round/add_20_carry__3/CO[3]
                         net (fo=1, routed)           0.000     2.476    u_salsa_hash_interative_wrapper/u_hash_interative_with_d_r_c/u_d_r_c_round_interative/u_quarter_round/add_20_carry__3_n_0
    SLICE_X29Y47         CARRY4 (Prop_carry4_CI_CO[3])
                                                      0.114     2.590 r  u_salsa_hash_interative_wrapper/u_hash_interative_with_d_r_c/u_d_r_c_round_interative/u_quarter_round/add_20_carry__4/CO[3]
                         net (fo=1, routed)           0.000     2.590    u_salsa_hash_interative_wrapper/u_hash_interative_with_d_r_c/u_d_r_c_round_interative/u_quarter_round/add_20_carry__4_n_0
    SLICE_X29Y48         CARRY4 (Prop_carry4_CI_CO[3])
                                                      0.114     2.704 r  u_salsa_hash_interative_wrapper/u_hash_interative_with_d_r_c/u_d_r_c_round_interative/u_quarter_round/add_20_carry__5/CO[3]
                         net (fo=1, routed)           0.000     2.704    u_salsa_hash_interative_wrapper/u_hash_interative_with_d_r_c/u_d_r_c_round_interative/u_quarter_round/add_20_carry__5_n_0
    SLICE_X29Y49         CARRY4 (Prop_carry4_CI_O[0])
                                                      0.222     2.926 r  u_salsa_hash_interative_wrapper/u_hash_interative_with_d_r_c/u_d_r_c_round_interative/u_quarter_round/add_20_carry__6/O[0]
                         net (fo=4, routed)           0.934     3.860    u_salsa_hash_interative_wrapper/u_hash_interative_with_d_r_c/u_d_r_c_round_interative/u_quarter_round/add_2[28]
    SLICE_X31Y41         LUT4 (Prop_lut4_I1_O)        0.299     4.159 r  u_salsa_hash_interative_wrapper/u_hash_interative_with_d_r_c/u_d_r_c_round_interative/u_quarter_round/add_30_carry__0_i_7/O
                         net (fo=1, routed)           0.000     4.159    u_salsa_hash_interative_wrapper/u_hash_interative_with_d_r_c/u_d_r_c_round_interative/u_quarter_round/add_30_carry__0_i_7_n_0
    SLICE_X31Y41         CARRY4 (Prop_carry4_S[1]_CO[3])
                                                      0.550     4.709 r  u_salsa_hash_interative_wrapper/u_hash_interative_with_d_r_c/u_d_r_c_round_interative/u_quarter_round/add_30_carry__0/CO[3]
                         net (fo=1, routed)           0.000     4.709    u_salsa_hash_interative_wrapper/u_hash_interative_with_d_r_c/u_d_r_c_round_interative/u_quarter_round/add_30_carry__0_n_0
    SLICE_X31Y42         CARRY4 (Prop_carry4_CI_CO[3])
                                                      0.114     4.823 r  u_salsa_hash_interative_wrapper/u_hash_interative_with_d_r_c/u_d_r_c_round_interative/u_quarter_round/add_30_carry__1/CO[3]
                         net (fo=1, routed)           0.000     4.823    u_salsa_hash_interative_wrapper/u_hash_interative_with_d_r_c/u_d_r_c_round_interative/u_quarter_round/add_30_carry__1_n_0
    SLICE_X31Y43         CARRY4 (Prop_carry4_CI_CO[3])
                                                      0.114     4.937 r  u_salsa_hash_interative_wrapper/u_hash_interative_with_d_r_c/u_d_r_c_round_interative/u_quarter_round/add_30_carry__2/CO[3]
                         net (fo=1, routed)           0.000     4.937    u_salsa_hash_interative_wrapper/u_hash_interative_with_d_r_c/u_d_r_c_round_interative/u_quarter_round/add_30_carry__2_n_0
    SLICE_X31Y44         CARRY4 (Prop_carry4_CI_CO[3])
                                                      0.114     5.051 r  u_salsa_hash_interative_wrapper/u_hash_interative_with_d_r_c/u_d_r_c_round_interative/u_quarter_round/add_30_carry__3/CO[3]
                         net (fo=1, routed)           0.000     5.051    u_salsa_hash_interative_wrapper/u_hash_interative_with_d_r_c/u_d_r_c_round_interative/u_quarter_round/add_30_carry__3_n_0
    SLICE_X31Y45         CARRY4 (Prop_carry4_CI_CO[3])
                                                      0.114     5.165 r  u_salsa_hash_interative_wrapper/u_hash_interative_with_d_r_c/u_d_r_c_round_interative/u_quarter_round/add_30_carry__4/CO[3]
                         net (fo=1, routed)           0.000     5.165    u_salsa_hash_interative_wrapper/u_hash_interative_with_d_r_c/u_d_r_c_round_interative/u_quarter_round/add_30_carry__4_n_0
    SLICE_X31Y46         CARRY4 (Prop_carry4_CI_O[0])
                                                      0.222     5.387 r  u_salsa_hash_interative_wrapper/u_hash_interative_with_d_r_c/u_d_r_c_round_interative/u_quarter_round/add_30_carry__5/O[0]
                         net (fo=3, routed)           0.738     6.125    u_salsa_hash_interative_wrapper/u_hash_interative_with_d_r_c/u_d_r_c_round_interative/u_quarter_round/add_3[24]
    SLICE_X30Y43         LUT4 (Prop_lut4_I1_O)        0.299     6.424 r  u_salsa_hash_interative_wrapper/u_hash_interative_with_d_r_c/u_d_r_c_round_interative/u_quarter_round/add_40_carry__0_i_7/O
                         net (fo=1, routed)           0.000     6.424    u_salsa_hash_interative_wrapper/u_hash_interative_with_d_r_c/u_d_r_c_round_interative/u_quarter_round/add_40_carry__0_i_7_n_0
    SLICE_X30Y43         CARRY4 (Prop_carry4_S[1]_CO[3])
                                                      0.533     6.957 r  u_salsa_hash_interative_wrapper/u_hash_interative_with_d_r_c/u_d_r_c_round_interative/u_quarter_round/add_40_carry__0/CO[3]
                         net (fo=1, routed)           0.000     6.957    u_salsa_hash_interative_wrapper/u_hash_interative_with_d_r_c/u_d_r_c_round_interative/u_quarter_round/add_40_carry__0_n_0
    SLICE_X30Y44         CARRY4 (Prop_carry4_CI_CO[3])
                                                      0.117     7.074 r  u_salsa_hash_interative_wrapper/u_hash_interative_with_d_r_c/u_d_r_c_round_interative/u_quarter_round/add_40_carry__1/CO[3]
                         net (fo=1, routed)           0.000     7.074    u_salsa_hash_interative_wrapper/u_hash_interative_with_d_r_c/u_d_r_c_round_interative/u_quarter_round/add_40_carry__1_n_0
    SLICE_X30Y45         CARRY4 (Prop_carry4_CI_CO[3])
                                                      0.117     7.191 r  u_salsa_hash_interative_wrapper/u_hash_interative_with_d_r_c/u_d_r_c_round_interative/u_quarter_round/add_40_carry__2/CO[3]
                         net (fo=1, routed)           0.000     7.191    u_salsa_hash_interative_wrapper/u_hash_interative_with_d_r_c/u_d_r_c_round_interative/u_quarter_round/add_40_carry__2_n_0
    SLICE_X30Y46         CARRY4 (Prop_carry4_CI_CO[3])
                                                      0.117     7.308 r  u_salsa_hash_interative_wrapper/u_hash_interative_with_d_r_c/u_d_r_c_round_interative/u_quarter_round/add_40_carry__3/CO[3]
                         net (fo=1, routed)           0.000     7.308    u_salsa_hash_interative_wrapper/u_hash_interative_with_d_r_c/u_d_r_c_round_interative/u_quarter_round/add_40_carry__3_n_0
    SLICE_X30Y47         CARRY4 (Prop_carry4_CI_CO[3])
                                                      0.117     7.425 r  u_salsa_hash_interative_wrapper/u_hash_interative_with_d_r_c/u_d_r_c_round_interative/u_quarter_round/add_40_carry__4/CO[3]
                         net (fo=1, routed)           0.000     7.425    u_salsa_hash_interative_wrapper/u_hash_interative_with_d_r_c/u_d_r_c_round_interative/u_quarter_round/add_40_carry__4_n_0
    SLICE_X30Y48         CARRY4 (Prop_carry4_CI_CO[3])
                                                      0.117     7.542 r  u_salsa_hash_interative_wrapper/u_hash_interative_with_d_r_c/u_d_r_c_round_interative/u_quarter_round/add_40_carry__5/CO[3]
                         net (fo=1, routed)           0.000     7.542    u_salsa_hash_interative_wrapper/u_hash_interative_with_d_r_c/u_d_r_c_round_interative/u_quarter_round/add_40_carry__5_n_0
    SLICE_X30Y49         CARRY4 (Prop_carry4_CI_O[1])
                                                      0.323     7.865 r  u_salsa_hash_interative_wrapper/u_hash_interative_with_d_r_c/u_d_r_c_round_interative/u_quarter_round/add_40_carry__6/O[1]
                         net (fo=1, routed)           0.682     8.547    u_salsa_hash_interative_wrapper/u_hash_interative_with_d_r_c/u_d_r_c_round_interative/u_quarter_round/add_4[29]
    SLICE_X15Y49         LUT2 (Prop_lut2_I0_O)        0.306     8.853 r  u_salsa_hash_interative_wrapper/u_hash_interative_with_d_r_c/u_d_r_c_round_interative/u_quarter_round/matrix_after_col[0][0][15]_i_1/O
                         net (fo=8, routed)           0.528     9.381    u_salsa_hash_interative_wrapper/u_hash_interative_with_d_r_c/u_d_r_c_round_interative/qr_0_out[15]
    SLICE_X15Y50         FDCE                                         r  u_salsa_hash_interative_wrapper/u_hash_interative_with_d_r_c/u_d_r_c_round_interative/matrix_after_row_reg[2][2][15]/D
  -------------------------------------------------------------------    -------------------

                         (clock salsa_top_80mhz_pll_clk rise edge)
                                                     12.500    12.500 r  
    W5                                                0.000    12.500 r  salsa_top_100mhz_clk (IN)
                         net (fo=0)                   0.000    12.500    salsa_top_xilinix_ip_pll/inst/clk_in1
    W5                   IBUF (Prop_ibuf_I_O)         1.388    13.888 r  salsa_top_xilinix_ip_pll/inst/clkin1_ibufg/O
                         net (fo=1, routed)           1.181    15.069    salsa_top_xilinix_ip_pll/inst/clk_in1_clk_wiz_0
    PLLE2_ADV_X1Y0       PLLE2_ADV (Prop_plle2_adv_CLKIN1_CLKOUT0)
                                                     -7.750     7.319 r  salsa_top_xilinix_ip_pll/inst/plle2_adv_inst/CLKOUT0
                         net (fo=1, routed)           1.576     8.896    salsa_top_xilinix_ip_pll/inst/clk_out1_clk_wiz_0
    BUFGCTRL_X0Y0        BUFG (Prop_bufg_I_O)         0.091     8.987 r  salsa_top_xilinix_ip_pll/inst/clkout1_buf/O
                         net (fo=7218, routed)        1.441    10.427    u_salsa_hash_interative_wrapper/u_hash_interative_with_d_r_c/u_d_r_c_round_interative/clk_out1
    SLICE_X15Y50         FDCE                                         r  u_salsa_hash_interative_wrapper/u_hash_interative_with_d_r_c/u_d_r_c_round_interative/matrix_after_row_reg[2][2][15]/C
                         clock pessimism             -0.505     9.922    
                         clock uncertainty           -0.147     9.775    
    SLICE_X15Y50         FDCE (Setup_fdce_C_D)       -0.040     9.735    u_salsa_hash_interative_wrapper/u_hash_interative_with_d_r_c/u_d_r_c_round_interative/matrix_after_row_reg[2][2][15]
  -------------------------------------------------------------------
                         required time                          9.735    
                         arrival time                          -9.381    
  -------------------------------------------------------------------
                         slack                                  0.353    

Slack (MET) :             0.380ns  (required time - arrival time)
  Source:                 u_salsa_hash_interative_wrapper/u_hash_interative_with_d_r_c/u_d_r_c_round_interative/qr_0_in_reg[0]/C
                            (rising edge-triggered cell FDCE clocked by salsa_top_80mhz_pll_clk  {rise@0.000ns fall@6.250ns period=12.500ns})
  Destination:            u_salsa_hash_interative_wrapper/u_hash_interative_with_d_r_c/u_d_r_c_round_interative/matrix_after_col_reg[0][0][15]/D
                            (rising edge-triggered cell FDCE clocked by salsa_top_80mhz_pll_clk  {rise@0.000ns fall@6.250ns period=12.500ns})
  Path Group:             salsa_top_80mhz_pll_clk
  Path Type:              Setup (Max at Slow Process Corner)
  Requirement:            12.500ns  (salsa_top_80mhz_pll_clk rise@12.500ns - salsa_top_80mhz_pll_clk rise@0.000ns)
  Data Path Delay:        11.896ns  (logic 7.330ns (61.620%)  route 4.566ns (38.380%))
  Logic Levels:           33  (CARRY4=28 LUT2=2 LUT3=1 LUT4=2)
  Clock Path Skew:        -0.032ns (DCD - SCD + CPR)
    Destination Clock Delay (DCD):    -2.062ns = ( 10.438 - 12.500 ) 
    Source Clock Delay      (SCD):    -2.456ns
    Clock Pessimism Removal (CPR):    -0.425ns
  Clock Uncertainty:      0.147ns  ((TSJ^2 + DJ^2)^1/2) / 2 + PE
    Total System Jitter     (TSJ):    0.071ns
    Discrete Jitter          (DJ):    0.286ns
    Phase Error              (PE):    0.000ns

    Location             Delay type                Incr(ns)  Path(ns)    Netlist Resource(s)
  -------------------------------------------------------------------    -------------------
                         (clock salsa_top_80mhz_pll_clk rise edge)
                                                      0.000     0.000 r  
    W5                                                0.000     0.000 r  salsa_top_100mhz_clk (IN)
                         net (fo=0)                   0.000     0.000    salsa_top_xilinix_ip_pll/inst/clk_in1
    W5                   IBUF (Prop_ibuf_I_O)         1.458     1.458 r  salsa_top_xilinix_ip_pll/inst/clkin1_ibufg/O
                         net (fo=1, routed)           1.253     2.711    salsa_top_xilinix_ip_pll/inst/clk_in1_clk_wiz_0
    PLLE2_ADV_X1Y0       PLLE2_ADV (Prop_plle2_adv_CLKIN1_CLKOUT0)
                                                     -8.482    -5.770 r  salsa_top_xilinix_ip_pll/inst/plle2_adv_inst/CLKOUT0
                         net (fo=1, routed)           1.655    -4.115    salsa_top_xilinix_ip_pll/inst/clk_out1_clk_wiz_0
    BUFGCTRL_X0Y0        BUFG (Prop_bufg_I_O)         0.096    -4.019 r  salsa_top_xilinix_ip_pll/inst/clkout1_buf/O
                         net (fo=7218, routed)        1.563    -2.456    u_salsa_hash_interative_wrapper/u_hash_interative_with_d_r_c/u_d_r_c_round_interative/clk_out1
    SLICE_X29Y38         FDCE                                         r  u_salsa_hash_interative_wrapper/u_hash_interative_with_d_r_c/u_d_r_c_round_interative/qr_0_in_reg[0]/C
  -------------------------------------------------------------------    -------------------
    SLICE_X29Y38         FDCE (Prop_fdce_C_Q)         0.456    -2.000 r  u_salsa_hash_interative_wrapper/u_hash_interative_with_d_r_c/u_d_r_c_round_interative/qr_0_in_reg[0]/Q
                         net (fo=5, routed)           0.765    -1.234    u_salsa_hash_interative_wrapper/u_hash_interative_with_d_r_c/u_d_r_c_round_interative/u_quarter_round/Q[0]
    SLICE_X28Y41         LUT2 (Prop_lut2_I0_O)        0.124    -1.110 r  u_salsa_hash_interative_wrapper/u_hash_interative_with_d_r_c/u_d_r_c_round_interative/u_quarter_round/add_10_carry_i_4/O
                         net (fo=1, routed)           0.000    -1.110    u_salsa_hash_interative_wrapper/u_hash_interative_with_d_r_c/u_d_r_c_round_interative/u_quarter_round/add_10_carry_i_4_n_0
    SLICE_X28Y41         CARRY4 (Prop_carry4_S[0]_CO[3])
                                                      0.532    -0.578 r  u_salsa_hash_interative_wrapper/u_hash_interative_with_d_r_c/u_d_r_c_round_interative/u_quarter_round/add_10_carry/CO[3]
                         net (fo=1, routed)           0.000    -0.578    u_salsa_hash_interative_wrapper/u_hash_interative_with_d_r_c/u_d_r_c_round_interative/u_quarter_round/add_10_carry_n_0
    SLICE_X28Y42         CARRY4 (Prop_carry4_CI_CO[3])
                                                      0.114    -0.464 r  u_salsa_hash_interative_wrapper/u_hash_interative_with_d_r_c/u_d_r_c_round_interative/u_quarter_round/add_10_carry__0/CO[3]
                         net (fo=1, routed)           0.000    -0.464    u_salsa_hash_interative_wrapper/u_hash_interative_with_d_r_c/u_d_r_c_round_interative/u_quarter_round/add_10_carry__0_n_0
    SLICE_X28Y43         CARRY4 (Prop_carry4_CI_CO[3])
                                                      0.114    -0.350 r  u_salsa_hash_interative_wrapper/u_hash_interative_with_d_r_c/u_d_r_c_round_interative/u_quarter_round/add_10_carry__1/CO[3]
                         net (fo=1, routed)           0.000    -0.350    u_salsa_hash_interative_wrapper/u_hash_interative_with_d_r_c/u_d_r_c_round_interative/u_quarter_round/add_10_carry__1_n_0
    SLICE_X28Y44         CARRY4 (Prop_carry4_CI_CO[3])
                                                      0.114    -0.236 r  u_salsa_hash_interative_wrapper/u_hash_interative_with_d_r_c/u_d_r_c_round_interative/u_quarter_round/add_10_carry__2/CO[3]
                         net (fo=1, routed)           0.000    -0.236    u_salsa_hash_interative_wrapper/u_hash_interative_with_d_r_c/u_d_r_c_round_interative/u_quarter_round/add_10_carry__2_n_0
    SLICE_X28Y45         CARRY4 (Prop_carry4_CI_CO[3])
                                                      0.114    -0.122 r  u_salsa_hash_interative_wrapper/u_hash_interative_with_d_r_c/u_d_r_c_round_interative/u_quarter_round/add_10_carry__3/CO[3]
                         net (fo=1, routed)           0.000    -0.122    u_salsa_hash_interative_wrapper/u_hash_interative_with_d_r_c/u_d_r_c_round_interative/u_quarter_round/add_10_carry__3_n_0
    SLICE_X28Y46         CARRY4 (Prop_carry4_CI_CO[3])
                                                      0.114    -0.008 r  u_salsa_hash_interative_wrapper/u_hash_interative_with_d_r_c/u_d_r_c_round_interative/u_quarter_round/add_10_carry__4/CO[3]
                         net (fo=1, routed)           0.000    -0.008    u_salsa_hash_interative_wrapper/u_hash_interative_with_d_r_c/u_d_r_c_round_interative/u_quarter_round/add_10_carry__4_n_0
    SLICE_X28Y47         CARRY4 (Prop_carry4_CI_O[1])
                                                      0.334     0.326 r  u_salsa_hash_interative_wrapper/u_hash_interative_with_d_r_c/u_d_r_c_round_interative/u_quarter_round/add_10_carry__5/O[1]
                         net (fo=3, routed)           0.859     1.185    u_salsa_hash_interative_wrapper/u_hash_interative_with_d_r_c/u_d_r_c_round_interative/u_quarter_round/add_1[25]
    SLICE_X29Y42         LUT3 (Prop_lut3_I1_O)        0.303     1.488 r  u_salsa_hash_interative_wrapper/u_hash_interative_with_d_r_c/u_d_r_c_round_interative/u_quarter_round/add_20_carry_i_4/O
                         net (fo=1, routed)           0.000     1.488    u_salsa_hash_interative_wrapper/u_hash_interative_with_d_r_c/u_d_r_c_round_interative/u_quarter_round/add_20_carry_i_4_n_0
    SLICE_X29Y42         CARRY4 (Prop_carry4_S[0]_CO[3])
                                                      0.532     2.020 r  u_salsa_hash_interative_wrapper/u_hash_interative_with_d_r_c/u_d_r_c_round_interative/u_quarter_round/add_20_carry/CO[3]
                         net (fo=1, routed)           0.000     2.020    u_salsa_hash_interative_wrapper/u_hash_interative_with_d_r_c/u_d_r_c_round_interative/u_quarter_round/add_20_carry_n_0
    SLICE_X29Y43         CARRY4 (Prop_carry4_CI_CO[3])
                                                      0.114     2.134 r  u_salsa_hash_interative_wrapper/u_hash_interative_with_d_r_c/u_d_r_c_round_interative/u_quarter_round/add_20_carry__0/CO[3]
                         net (fo=1, routed)           0.000     2.134    u_salsa_hash_interative_wrapper/u_hash_interative_with_d_r_c/u_d_r_c_round_interative/u_quarter_round/add_20_carry__0_n_0
    SLICE_X29Y44         CARRY4 (Prop_carry4_CI_CO[3])
                                                      0.114     2.248 r  u_salsa_hash_interative_wrapper/u_hash_interative_with_d_r_c/u_d_r_c_round_interative/u_quarter_round/add_20_carry__1/CO[3]
                         net (fo=1, routed)           0.000     2.248    u_salsa_hash_interative_wrapper/u_hash_interative_with_d_r_c/u_d_r_c_round_interative/u_quarter_round/add_20_carry__1_n_0
    SLICE_X29Y45         CARRY4 (Prop_carry4_CI_CO[3])
                                                      0.114     2.362 r  u_salsa_hash_interative_wrapper/u_hash_interative_with_d_r_c/u_d_r_c_round_interative/u_quarter_round/add_20_carry__2/CO[3]
                         net (fo=1, routed)           0.000     2.362    u_salsa_hash_interative_wrapper/u_hash_interative_with_d_r_c/u_d_r_c_round_interative/u_quarter_round/add_20_carry__2_n_0
    SLICE_X29Y46         CARRY4 (Prop_carry4_CI_CO[3])
                                                      0.114     2.476 r  u_salsa_hash_interative_wrapper/u_hash_interative_with_d_r_c/u_d_r_c_round_interative/u_quarter_round/add_20_carry__3/CO[3]
                         net (fo=1, routed)           0.000     2.476    u_salsa_hash_interative_wrapper/u_hash_interative_with_d_r_c/u_d_r_c_round_interative/u_quarter_round/add_20_carry__3_n_0
    SLICE_X29Y47         CARRY4 (Prop_carry4_CI_CO[3])
                                                      0.114     2.590 r  u_salsa_hash_interative_wrapper/u_hash_interative_with_d_r_c/u_d_r_c_round_interative/u_quarter_round/add_20_carry__4/CO[3]
                         net (fo=1, routed)           0.000     2.590    u_salsa_hash_interative_wrapper/u_hash_interative_with_d_r_c/u_d_r_c_round_interative/u_quarter_round/add_20_carry__4_n_0
    SLICE_X29Y48         CARRY4 (Prop_carry4_CI_CO[3])
                                                      0.114     2.704 r  u_salsa_hash_interative_wrapper/u_hash_interative_with_d_r_c/u_d_r_c_round_interative/u_quarter_round/add_20_carry__5/CO[3]
                         net (fo=1, routed)           0.000     2.704    u_salsa_hash_interative_wrapper/u_hash_interative_with_d_r_c/u_d_r_c_round_interative/u_quarter_round/add_20_carry__5_n_0
    SLICE_X29Y49         CARRY4 (Prop_carry4_CI_O[0])
                                                      0.222     2.926 r  u_salsa_hash_interative_wrapper/u_hash_interative_with_d_r_c/u_d_r_c_round_interative/u_quarter_round/add_20_carry__6/O[0]
                         net (fo=4, routed)           0.934     3.860    u_salsa_hash_interative_wrapper/u_hash_interative_with_d_r_c/u_d_r_c_round_interative/u_quarter_round/add_2[28]
    SLICE_X31Y41         LUT4 (Prop_lut4_I1_O)        0.299     4.159 r  u_salsa_hash_interative_wrapper/u_hash_interative_with_d_r_c/u_d_r_c_round_interative/u_quarter_round/add_30_carry__0_i_7/O
                         net (fo=1, routed)           0.000     4.159    u_salsa_hash_interative_wrapper/u_hash_interative_with_d_r_c/u_d_r_c_round_interative/u_quarter_round/add_30_carry__0_i_7_n_0
    SLICE_X31Y41         CARRY4 (Prop_carry4_S[1]_CO[3])
                                                      0.550     4.709 r  u_salsa_hash_interative_wrapper/u_hash_interative_with_d_r_c/u_d_r_c_round_interative/u_quarter_round/add_30_carry__0/CO[3]
                         net (fo=1, routed)           0.000     4.709    u_salsa_hash_interative_wrapper/u_hash_interative_with_d_r_c/u_d_r_c_round_interative/u_quarter_round/add_30_carry__0_n_0
    SLICE_X31Y42         CARRY4 (Prop_carry4_CI_CO[3])
                                                      0.114     4.823 r  u_salsa_hash_interative_wrapper/u_hash_interative_with_d_r_c/u_d_r_c_round_interative/u_quarter_round/add_30_carry__1/CO[3]
                         net (fo=1, routed)           0.000     4.823    u_salsa_hash_interative_wrapper/u_hash_interative_with_d_r_c/u_d_r_c_round_interative/u_quarter_round/add_30_carry__1_n_0
    SLICE_X31Y43         CARRY4 (Prop_carry4_CI_CO[3])
                                                      0.114     4.937 r  u_salsa_hash_interative_wrapper/u_hash_interative_with_d_r_c/u_d_r_c_round_interative/u_quarter_round/add_30_carry__2/CO[3]
                         net (fo=1, routed)           0.000     4.937    u_salsa_hash_interative_wrapper/u_hash_interative_with_d_r_c/u_d_r_c_round_interative/u_quarter_round/add_30_carry__2_n_0
    SLICE_X31Y44         CARRY4 (Prop_carry4_CI_CO[3])
                                                      0.114     5.051 r  u_salsa_hash_interative_wrapper/u_hash_interative_with_d_r_c/u_d_r_c_round_interative/u_quarter_round/add_30_carry__3/CO[3]
                         net (fo=1, routed)           0.000     5.051    u_salsa_hash_interative_wrapper/u_hash_interative_with_d_r_c/u_d_r_c_round_interative/u_quarter_round/add_30_carry__3_n_0
    SLICE_X31Y45         CARRY4 (Prop_carry4_CI_CO[3])
                                                      0.114     5.165 r  u_salsa_hash_interative_wrapper/u_hash_interative_with_d_r_c/u_d_r_c_round_interative/u_quarter_round/add_30_carry__4/CO[3]
                         net (fo=1, routed)           0.000     5.165    u_salsa_hash_interative_wrapper/u_hash_interative_with_d_r_c/u_d_r_c_round_interative/u_quarter_round/add_30_carry__4_n_0
    SLICE_X31Y46         CARRY4 (Prop_carry4_CI_O[0])
                                                      0.222     5.387 r  u_salsa_hash_interative_wrapper/u_hash_interative_with_d_r_c/u_d_r_c_round_interative/u_quarter_round/add_30_carry__5/O[0]
                         net (fo=3, routed)           0.738     6.125    u_salsa_hash_interative_wrapper/u_hash_interative_with_d_r_c/u_d_r_c_round_interative/u_quarter_round/add_3[24]
    SLICE_X30Y43         LUT4 (Prop_lut4_I1_O)        0.299     6.424 r  u_salsa_hash_interative_wrapper/u_hash_interative_with_d_r_c/u_d_r_c_round_interative/u_quarter_round/add_40_carry__0_i_7/O
                         net (fo=1, routed)           0.000     6.424    u_salsa_hash_interative_wrapper/u_hash_interative_with_d_r_c/u_d_r_c_round_interative/u_quarter_round/add_40_carry__0_i_7_n_0
    SLICE_X30Y43         CARRY4 (Prop_carry4_S[1]_CO[3])
                                                      0.533     6.957 r  u_salsa_hash_interative_wrapper/u_hash_interative_with_d_r_c/u_d_r_c_round_interative/u_quarter_round/add_40_carry__0/CO[3]
                         net (fo=1, routed)           0.000     6.957    u_salsa_hash_interative_wrapper/u_hash_interative_with_d_r_c/u_d_r_c_round_interative/u_quarter_round/add_40_carry__0_n_0
    SLICE_X30Y44         CARRY4 (Prop_carry4_CI_CO[3])
                                                      0.117     7.074 r  u_salsa_hash_interative_wrapper/u_hash_interative_with_d_r_c/u_d_r_c_round_interative/u_quarter_round/add_40_carry__1/CO[3]
                         net (fo=1, routed)           0.000     7.074    u_salsa_hash_interative_wrapper/u_hash_interative_with_d_r_c/u_d_r_c_round_interative/u_quarter_round/add_40_carry__1_n_0
    SLICE_X30Y45         CARRY4 (Prop_carry4_CI_CO[3])
                                                      0.117     7.191 r  u_salsa_hash_interative_wrapper/u_hash_interative_with_d_r_c/u_d_r_c_round_interative/u_quarter_round/add_40_carry__2/CO[3]
                         net (fo=1, routed)           0.000     7.191    u_salsa_hash_interative_wrapper/u_hash_interative_with_d_r_c/u_d_r_c_round_interative/u_quarter_round/add_40_carry__2_n_0
    SLICE_X30Y46         CARRY4 (Prop_carry4_CI_CO[3])
                                                      0.117     7.308 r  u_salsa_hash_interative_wrapper/u_hash_interative_with_d_r_c/u_d_r_c_round_interative/u_quarter_round/add_40_carry__3/CO[3]
                         net (fo=1, routed)           0.000     7.308    u_salsa_hash_interative_wrapper/u_hash_interative_with_d_r_c/u_d_r_c_round_interative/u_quarter_round/add_40_carry__3_n_0
    SLICE_X30Y47         CARRY4 (Prop_carry4_CI_CO[3])
                                                      0.117     7.425 r  u_salsa_hash_interative_wrapper/u_hash_interative_with_d_r_c/u_d_r_c_round_interative/u_quarter_round/add_40_carry__4/CO[3]
                         net (fo=1, routed)           0.000     7.425    u_salsa_hash_interative_wrapper/u_hash_interative_with_d_r_c/u_d_r_c_round_interative/u_quarter_round/add_40_carry__4_n_0
    SLICE_X30Y48         CARRY4 (Prop_carry4_CI_CO[3])
                                                      0.117     7.542 r  u_salsa_hash_interative_wrapper/u_hash_interative_with_d_r_c/u_d_r_c_round_interative/u_quarter_round/add_40_carry__5/CO[3]
                         net (fo=1, routed)           0.000     7.542    u_salsa_hash_interative_wrapper/u_hash_interative_with_d_r_c/u_d_r_c_round_interative/u_quarter_round/add_40_carry__5_n_0
    SLICE_X30Y49         CARRY4 (Prop_carry4_CI_O[1])
                                                      0.323     7.865 r  u_salsa_hash_interative_wrapper/u_hash_interative_with_d_r_c/u_d_r_c_round_interative/u_quarter_round/add_40_carry__6/O[1]
                         net (fo=1, routed)           0.682     8.547    u_salsa_hash_interative_wrapper/u_hash_interative_with_d_r_c/u_d_r_c_round_interative/u_quarter_round/add_4[29]
    SLICE_X15Y49         LUT2 (Prop_lut2_I0_O)        0.306     8.853 r  u_salsa_hash_interative_wrapper/u_hash_interative_with_d_r_c/u_d_r_c_round_interative/u_quarter_round/matrix_after_col[0][0][15]_i_1/O
                         net (fo=8, routed)           0.587     9.440    u_salsa_hash_interative_wrapper/u_hash_interative_with_d_r_c/u_d_r_c_round_interative/qr_0_out[15]
    SLICE_X14Y49         FDCE                                         r  u_salsa_hash_interative_wrapper/u_hash_interative_with_d_r_c/u_d_r_c_round_interative/matrix_after_col_reg[0][0][15]/D
  -------------------------------------------------------------------    -------------------

                         (clock salsa_top_80mhz_pll_clk rise edge)
                                                     12.500    12.500 r  
    W5                                                0.000    12.500 r  salsa_top_100mhz_clk (IN)
                         net (fo=0)                   0.000    12.500    salsa_top_xilinix_ip_pll/inst/clk_in1
    W5                   IBUF (Prop_ibuf_I_O)         1.388    13.888 r  salsa_top_xilinix_ip_pll/inst/clkin1_ibufg/O
                         net (fo=1, routed)           1.181    15.069    salsa_top_xilinix_ip_pll/inst/clk_in1_clk_wiz_0
    PLLE2_ADV_X1Y0       PLLE2_ADV (Prop_plle2_adv_CLKIN1_CLKOUT0)
                                                     -7.750     7.319 r  salsa_top_xilinix_ip_pll/inst/plle2_adv_inst/CLKOUT0
                         net (fo=1, routed)           1.576     8.896    salsa_top_xilinix_ip_pll/inst/clk_out1_clk_wiz_0
    BUFGCTRL_X0Y0        BUFG (Prop_bufg_I_O)         0.091     8.987 r  salsa_top_xilinix_ip_pll/inst/clkout1_buf/O
                         net (fo=7218, routed)        1.451    10.438    u_salsa_hash_interative_wrapper/u_hash_interative_with_d_r_c/u_d_r_c_round_interative/clk_out1
    SLICE_X14Y49         FDCE                                         r  u_salsa_hash_interative_wrapper/u_hash_interative_with_d_r_c/u_d_r_c_round_interative/matrix_after_col_reg[0][0][15]/C
                         clock pessimism             -0.425    10.012    
                         clock uncertainty           -0.147     9.865    
    SLICE_X14Y49         FDCE (Setup_fdce_C_D)       -0.045     9.820    u_salsa_hash_interative_wrapper/u_hash_interative_with_d_r_c/u_d_r_c_round_interative/matrix_after_col_reg[0][0][15]
  -------------------------------------------------------------------
                         required time                          9.820    
                         arrival time                          -9.440    
  -------------------------------------------------------------------
                         slack                                  0.380    

Slack (MET) :             0.421ns  (required time - arrival time)
  Source:                 u_salsa_hash_interative_wrapper/u_hash_interative_with_d_r_c/u_d_r_c_round_interative/qr_0_in_reg[0]/C
                            (rising edge-triggered cell FDCE clocked by salsa_top_80mhz_pll_clk  {rise@0.000ns fall@6.250ns period=12.500ns})
  Destination:            u_salsa_hash_interative_wrapper/u_hash_interative_with_d_r_c/u_d_r_c_round_interative/matrix_after_col_reg[0][0][16]/D
                            (rising edge-triggered cell FDCE clocked by salsa_top_80mhz_pll_clk  {rise@0.000ns fall@6.250ns period=12.500ns})
  Path Group:             salsa_top_80mhz_pll_clk
  Path Type:              Setup (Max at Slow Process Corner)
  Requirement:            12.500ns  (salsa_top_80mhz_pll_clk rise@12.500ns - salsa_top_80mhz_pll_clk rise@0.000ns)
  Data Path Delay:        11.711ns  (logic 7.241ns (61.830%)  route 4.470ns (38.170%))
  Logic Levels:           33  (CARRY4=28 LUT2=2 LUT3=1 LUT4=2)
  Clock Path Skew:        -0.128ns (DCD - SCD + CPR)
    Destination Clock Delay (DCD):    -2.078ns = ( 10.422 - 12.500 ) 
    Source Clock Delay      (SCD):    -2.456ns
    Clock Pessimism Removal (CPR):    -0.505ns
  Clock Uncertainty:      0.147ns  ((TSJ^2 + DJ^2)^1/2) / 2 + PE
    Total System Jitter     (TSJ):    0.071ns
    Discrete Jitter          (DJ):    0.286ns
    Phase Error              (PE):    0.000ns

    Location             Delay type                Incr(ns)  Path(ns)    Netlist Resource(s)
  -------------------------------------------------------------------    -------------------
                         (clock salsa_top_80mhz_pll_clk rise edge)
                                                      0.000     0.000 r  
    W5                                                0.000     0.000 r  salsa_top_100mhz_clk (IN)
                         net (fo=0)                   0.000     0.000    salsa_top_xilinix_ip_pll/inst/clk_in1
    W5                   IBUF (Prop_ibuf_I_O)         1.458     1.458 r  salsa_top_xilinix_ip_pll/inst/clkin1_ibufg/O
                         net (fo=1, routed)           1.253     2.711    salsa_top_xilinix_ip_pll/inst/clk_in1_clk_wiz_0
    PLLE2_ADV_X1Y0       PLLE2_ADV (Prop_plle2_adv_CLKIN1_CLKOUT0)
                                                     -8.482    -5.770 r  salsa_top_xilinix_ip_pll/inst/plle2_adv_inst/CLKOUT0
                         net (fo=1, routed)           1.655    -4.115    salsa_top_xilinix_ip_pll/inst/clk_out1_clk_wiz_0
    BUFGCTRL_X0Y0        BUFG (Prop_bufg_I_O)         0.096    -4.019 r  salsa_top_xilinix_ip_pll/inst/clkout1_buf/O
                         net (fo=7218, routed)        1.563    -2.456    u_salsa_hash_interative_wrapper/u_hash_interative_with_d_r_c/u_d_r_c_round_interative/clk_out1
    SLICE_X29Y38         FDCE                                         r  u_salsa_hash_interative_wrapper/u_hash_interative_with_d_r_c/u_d_r_c_round_interative/qr_0_in_reg[0]/C
  -------------------------------------------------------------------    -------------------
    SLICE_X29Y38         FDCE (Prop_fdce_C_Q)         0.456    -2.000 r  u_salsa_hash_interative_wrapper/u_hash_interative_with_d_r_c/u_d_r_c_round_interative/qr_0_in_reg[0]/Q
                         net (fo=5, routed)           0.765    -1.234    u_salsa_hash_interative_wrapper/u_hash_interative_with_d_r_c/u_d_r_c_round_interative/u_quarter_round/Q[0]
    SLICE_X28Y41         LUT2 (Prop_lut2_I0_O)        0.124    -1.110 r  u_salsa_hash_interative_wrapper/u_hash_interative_with_d_r_c/u_d_r_c_round_interative/u_quarter_round/add_10_carry_i_4/O
                         net (fo=1, routed)           0.000    -1.110    u_salsa_hash_interative_wrapper/u_hash_interative_with_d_r_c/u_d_r_c_round_interative/u_quarter_round/add_10_carry_i_4_n_0
    SLICE_X28Y41         CARRY4 (Prop_carry4_S[0]_CO[3])
                                                      0.532    -0.578 r  u_salsa_hash_interative_wrapper/u_hash_interative_with_d_r_c/u_d_r_c_round_interative/u_quarter_round/add_10_carry/CO[3]
                         net (fo=1, routed)           0.000    -0.578    u_salsa_hash_interative_wrapper/u_hash_interative_with_d_r_c/u_d_r_c_round_interative/u_quarter_round/add_10_carry_n_0
    SLICE_X28Y42         CARRY4 (Prop_carry4_CI_CO[3])
                                                      0.114    -0.464 r  u_salsa_hash_interative_wrapper/u_hash_interative_with_d_r_c/u_d_r_c_round_interative/u_quarter_round/add_10_carry__0/CO[3]
                         net (fo=1, routed)           0.000    -0.464    u_salsa_hash_interative_wrapper/u_hash_interative_with_d_r_c/u_d_r_c_round_interative/u_quarter_round/add_10_carry__0_n_0
    SLICE_X28Y43         CARRY4 (Prop_carry4_CI_CO[3])
                                                      0.114    -0.350 r  u_salsa_hash_interative_wrapper/u_hash_interative_with_d_r_c/u_d_r_c_round_interative/u_quarter_round/add_10_carry__1/CO[3]
                         net (fo=1, routed)           0.000    -0.350    u_salsa_hash_interative_wrapper/u_hash_interative_with_d_r_c/u_d_r_c_round_interative/u_quarter_round/add_10_carry__1_n_0
    SLICE_X28Y44         CARRY4 (Prop_carry4_CI_CO[3])
                                                      0.114    -0.236 r  u_salsa_hash_interative_wrapper/u_hash_interative_with_d_r_c/u_d_r_c_round_interative/u_quarter_round/add_10_carry__2/CO[3]
                         net (fo=1, routed)           0.000    -0.236    u_salsa_hash_interative_wrapper/u_hash_interative_with_d_r_c/u_d_r_c_round_interative/u_quarter_round/add_10_carry__2_n_0
    SLICE_X28Y45         CARRY4 (Prop_carry4_CI_CO[3])
                                                      0.114    -0.122 r  u_salsa_hash_interative_wrapper/u_hash_interative_with_d_r_c/u_d_r_c_round_interative/u_quarter_round/add_10_carry__3/CO[3]
                         net (fo=1, routed)           0.000    -0.122    u_salsa_hash_interative_wrapper/u_hash_interative_with_d_r_c/u_d_r_c_round_interative/u_quarter_round/add_10_carry__3_n_0
    SLICE_X28Y46         CARRY4 (Prop_carry4_CI_CO[3])
                                                      0.114    -0.008 r  u_salsa_hash_interative_wrapper/u_hash_interative_with_d_r_c/u_d_r_c_round_interative/u_quarter_round/add_10_carry__4/CO[3]
                         net (fo=1, routed)           0.000    -0.008    u_salsa_hash_interative_wrapper/u_hash_interative_with_d_r_c/u_d_r_c_round_interative/u_quarter_round/add_10_carry__4_n_0
    SLICE_X28Y47         CARRY4 (Prop_carry4_CI_O[1])
                                                      0.334     0.326 r  u_salsa_hash_interative_wrapper/u_hash_interative_with_d_r_c/u_d_r_c_round_interative/u_quarter_round/add_10_carry__5/O[1]
                         net (fo=3, routed)           0.859     1.185    u_salsa_hash_interative_wrapper/u_hash_interative_with_d_r_c/u_d_r_c_round_interative/u_quarter_round/add_1[25]
    SLICE_X29Y42         LUT3 (Prop_lut3_I1_O)        0.303     1.488 r  u_salsa_hash_interative_wrapper/u_hash_interative_with_d_r_c/u_d_r_c_round_interative/u_quarter_round/add_20_carry_i_4/O
                         net (fo=1, routed)           0.000     1.488    u_salsa_hash_interative_wrapper/u_hash_interative_with_d_r_c/u_d_r_c_round_interative/u_quarter_round/add_20_carry_i_4_n_0
    SLICE_X29Y42         CARRY4 (Prop_carry4_S[0]_CO[3])
                                                      0.532     2.020 r  u_salsa_hash_interative_wrapper/u_hash_interative_with_d_r_c/u_d_r_c_round_interative/u_quarter_round/add_20_carry/CO[3]
                         net (fo=1, routed)           0.000     2.020    u_salsa_hash_interative_wrapper/u_hash_interative_with_d_r_c/u_d_r_c_round_interative/u_quarter_round/add_20_carry_n_0
    SLICE_X29Y43         CARRY4 (Prop_carry4_CI_CO[3])
                                                      0.114     2.134 r  u_salsa_hash_interative_wrapper/u_hash_interative_with_d_r_c/u_d_r_c_round_interative/u_quarter_round/add_20_carry__0/CO[3]
                         net (fo=1, routed)           0.000     2.134    u_salsa_hash_interative_wrapper/u_hash_interative_with_d_r_c/u_d_r_c_round_interative/u_quarter_round/add_20_carry__0_n_0
    SLICE_X29Y44         CARRY4 (Prop_carry4_CI_CO[3])
                                                      0.114     2.248 r  u_salsa_hash_interative_wrapper/u_hash_interative_with_d_r_c/u_d_r_c_round_interative/u_quarter_round/add_20_carry__1/CO[3]
                         net (fo=1, routed)           0.000     2.248    u_salsa_hash_interative_wrapper/u_hash_interative_with_d_r_c/u_d_r_c_round_interative/u_quarter_round/add_20_carry__1_n_0
    SLICE_X29Y45         CARRY4 (Prop_carry4_CI_CO[3])
                                                      0.114     2.362 r  u_salsa_hash_interative_wrapper/u_hash_interative_with_d_r_c/u_d_r_c_round_interative/u_quarter_round/add_20_carry__2/CO[3]
                         net (fo=1, routed)           0.000     2.362    u_salsa_hash_interative_wrapper/u_hash_interative_with_d_r_c/u_d_r_c_round_interative/u_quarter_round/add_20_carry__2_n_0
    SLICE_X29Y46         CARRY4 (Prop_carry4_CI_CO[3])
                                                      0.114     2.476 r  u_salsa_hash_interative_wrapper/u_hash_interative_with_d_r_c/u_d_r_c_round_interative/u_quarter_round/add_20_carry__3/CO[3]
                         net (fo=1, routed)           0.000     2.476    u_salsa_hash_interative_wrapper/u_hash_interative_with_d_r_c/u_d_r_c_round_interative/u_quarter_round/add_20_carry__3_n_0
    SLICE_X29Y47         CARRY4 (Prop_carry4_CI_CO[3])
                                                      0.114     2.590 r  u_salsa_hash_interative_wrapper/u_hash_interative_with_d_r_c/u_d_r_c_round_interative/u_quarter_round/add_20_carry__4/CO[3]
                         net (fo=1, routed)           0.000     2.590    u_salsa_hash_interative_wrapper/u_hash_interative_with_d_r_c/u_d_r_c_round_interative/u_quarter_round/add_20_carry__4_n_0
    SLICE_X29Y48         CARRY4 (Prop_carry4_CI_CO[3])
                                                      0.114     2.704 r  u_salsa_hash_interative_wrapper/u_hash_interative_with_d_r_c/u_d_r_c_round_interative/u_quarter_round/add_20_carry__5/CO[3]
                         net (fo=1, routed)           0.000     2.704    u_salsa_hash_interative_wrapper/u_hash_interative_with_d_r_c/u_d_r_c_round_interative/u_quarter_round/add_20_carry__5_n_0
    SLICE_X29Y49         CARRY4 (Prop_carry4_CI_O[0])
                                                      0.222     2.926 r  u_salsa_hash_interative_wrapper/u_hash_interative_with_d_r_c/u_d_r_c_round_interative/u_quarter_round/add_20_carry__6/O[0]
                         net (fo=4, routed)           0.934     3.860    u_salsa_hash_interative_wrapper/u_hash_interative_with_d_r_c/u_d_r_c_round_interative/u_quarter_round/add_2[28]
    SLICE_X31Y41         LUT4 (Prop_lut4_I1_O)        0.299     4.159 r  u_salsa_hash_interative_wrapper/u_hash_interative_with_d_r_c/u_d_r_c_round_interative/u_quarter_round/add_30_carry__0_i_7/O
                         net (fo=1, routed)           0.000     4.159    u_salsa_hash_interative_wrapper/u_hash_interative_with_d_r_c/u_d_r_c_round_interative/u_quarter_round/add_30_carry__0_i_7_n_0
    SLICE_X31Y41         CARRY4 (Prop_carry4_S[1]_CO[3])
                                                      0.550     4.709 r  u_salsa_hash_interative_wrapper/u_hash_interative_with_d_r_c/u_d_r_c_round_interative/u_quarter_round/add_30_carry__0/CO[3]
                         net (fo=1, routed)           0.000     4.709    u_salsa_hash_interative_wrapper/u_hash_interative_with_d_r_c/u_d_r_c_round_interative/u_quarter_round/add_30_carry__0_n_0
    SLICE_X31Y42         CARRY4 (Prop_carry4_CI_CO[3])
                                                      0.114     4.823 r  u_salsa_hash_interative_wrapper/u_hash_interative_with_d_r_c/u_d_r_c_round_interative/u_quarter_round/add_30_carry__1/CO[3]
                         net (fo=1, routed)           0.000     4.823    u_salsa_hash_interative_wrapper/u_hash_interative_with_d_r_c/u_d_r_c_round_interative/u_quarter_round/add_30_carry__1_n_0
    SLICE_X31Y43         CARRY4 (Prop_carry4_CI_CO[3])
                                                      0.114     4.937 r  u_salsa_hash_interative_wrapper/u_hash_interative_with_d_r_c/u_d_r_c_round_interative/u_quarter_round/add_30_carry__2/CO[3]
                         net (fo=1, routed)           0.000     4.937    u_salsa_hash_interative_wrapper/u_hash_interative_with_d_r_c/u_d_r_c_round_interative/u_quarter_round/add_30_carry__2_n_0
    SLICE_X31Y44         CARRY4 (Prop_carry4_CI_CO[3])
                                                      0.114     5.051 r  u_salsa_hash_interative_wrapper/u_hash_interative_with_d_r_c/u_d_r_c_round_interative/u_quarter_round/add_30_carry__3/CO[3]
                         net (fo=1, routed)           0.000     5.051    u_salsa_hash_interative_wrapper/u_hash_interative_with_d_r_c/u_d_r_c_round_interative/u_quarter_round/add_30_carry__3_n_0
    SLICE_X31Y45         CARRY4 (Prop_carry4_CI_CO[3])
                                                      0.114     5.165 r  u_salsa_hash_interative_wrapper/u_hash_interative_with_d_r_c/u_d_r_c_round_interative/u_quarter_round/add_30_carry__4/CO[3]
                         net (fo=1, routed)           0.000     5.165    u_salsa_hash_interative_wrapper/u_hash_interative_with_d_r_c/u_d_r_c_round_interative/u_quarter_round/add_30_carry__4_n_0
    SLICE_X31Y46         CARRY4 (Prop_carry4_CI_O[0])
                                                      0.222     5.387 r  u_salsa_hash_interative_wrapper/u_hash_interative_with_d_r_c/u_d_r_c_round_interative/u_quarter_round/add_30_carry__5/O[0]
                         net (fo=3, routed)           0.738     6.125    u_salsa_hash_interative_wrapper/u_hash_interative_with_d_r_c/u_d_r_c_round_interative/u_quarter_round/add_3[24]
    SLICE_X30Y43         LUT4 (Prop_lut4_I1_O)        0.299     6.424 r  u_salsa_hash_interative_wrapper/u_hash_interative_with_d_r_c/u_d_r_c_round_interative/u_quarter_round/add_40_carry__0_i_7/O
                         net (fo=1, routed)           0.000     6.424    u_salsa_hash_interative_wrapper/u_hash_interative_with_d_r_c/u_d_r_c_round_interative/u_quarter_round/add_40_carry__0_i_7_n_0
    SLICE_X30Y43         CARRY4 (Prop_carry4_S[1]_CO[3])
                                                      0.533     6.957 r  u_salsa_hash_interative_wrapper/u_hash_interative_with_d_r_c/u_d_r_c_round_interative/u_quarter_round/add_40_carry__0/CO[3]
                         net (fo=1, routed)           0.000     6.957    u_salsa_hash_interative_wrapper/u_hash_interative_with_d_r_c/u_d_r_c_round_interative/u_quarter_round/add_40_carry__0_n_0
    SLICE_X30Y44         CARRY4 (Prop_carry4_CI_CO[3])
                                                      0.117     7.074 r  u_salsa_hash_interative_wrapper/u_hash_interative_with_d_r_c/u_d_r_c_round_interative/u_quarter_round/add_40_carry__1/CO[3]
                         net (fo=1, routed)           0.000     7.074    u_salsa_hash_interative_wrapper/u_hash_interative_with_d_r_c/u_d_r_c_round_interative/u_quarter_round/add_40_carry__1_n_0
    SLICE_X30Y45         CARRY4 (Prop_carry4_CI_CO[3])
                                                      0.117     7.191 r  u_salsa_hash_interative_wrapper/u_hash_interative_with_d_r_c/u_d_r_c_round_interative/u_quarter_round/add_40_carry__2/CO[3]
                         net (fo=1, routed)           0.000     7.191    u_salsa_hash_interative_wrapper/u_hash_interative_with_d_r_c/u_d_r_c_round_interative/u_quarter_round/add_40_carry__2_n_0
    SLICE_X30Y46         CARRY4 (Prop_carry4_CI_CO[3])
                                                      0.117     7.308 r  u_salsa_hash_interative_wrapper/u_hash_interative_with_d_r_c/u_d_r_c_round_interative/u_quarter_round/add_40_carry__3/CO[3]
                         net (fo=1, routed)           0.000     7.308    u_salsa_hash_interative_wrapper/u_hash_interative_with_d_r_c/u_d_r_c_round_interative/u_quarter_round/add_40_carry__3_n_0
    SLICE_X30Y47         CARRY4 (Prop_carry4_CI_CO[3])
                                                      0.117     7.425 r  u_salsa_hash_interative_wrapper/u_hash_interative_with_d_r_c/u_d_r_c_round_interative/u_quarter_round/add_40_carry__4/CO[3]
                         net (fo=1, routed)           0.000     7.425    u_salsa_hash_interative_wrapper/u_hash_interative_with_d_r_c/u_d_r_c_round_interative/u_quarter_round/add_40_carry__4_n_0
    SLICE_X30Y48         CARRY4 (Prop_carry4_CI_CO[3])
                                                      0.117     7.542 r  u_salsa_hash_interative_wrapper/u_hash_interative_with_d_r_c/u_d_r_c_round_interative/u_quarter_round/add_40_carry__5/CO[3]
                         net (fo=1, routed)           0.000     7.542    u_salsa_hash_interative_wrapper/u_hash_interative_with_d_r_c/u_d_r_c_round_interative/u_quarter_round/add_40_carry__5_n_0
    SLICE_X30Y49         CARRY4 (Prop_carry4_CI_O[2])
                                                      0.239     7.781 r  u_salsa_hash_interative_wrapper/u_hash_interative_with_d_r_c/u_d_r_c_round_interative/u_quarter_round/add_40_carry__6/O[2]
                         net (fo=1, routed)           0.549     8.330    u_salsa_hash_interative_wrapper/u_hash_interative_with_d_r_c/u_d_r_c_round_interative/u_quarter_round/add_4[30]
    SLICE_X31Y50         LUT2 (Prop_lut2_I0_O)        0.301     8.631 r  u_salsa_hash_interative_wrapper/u_hash_interative_with_d_r_c/u_d_r_c_round_interative/u_quarter_round/matrix_after_col[0][0][16]_i_1/O
                         net (fo=8, routed)           0.625     9.256    u_salsa_hash_interative_wrapper/u_hash_interative_with_d_r_c/u_d_r_c_round_interative/qr_0_out[16]
    SLICE_X31Y52         FDCE                                         r  u_salsa_hash_interative_wrapper/u_hash_interative_with_d_r_c/u_d_r_c_round_interative/matrix_after_col_reg[0][0][16]/D
  -------------------------------------------------------------------    -------------------

                         (clock salsa_top_80mhz_pll_clk rise edge)
                                                     12.500    12.500 r  
    W5                                                0.000    12.500 r  salsa_top_100mhz_clk (IN)
                         net (fo=0)                   0.000    12.500    salsa_top_xilinix_ip_pll/inst/clk_in1
    W5                   IBUF (Prop_ibuf_I_O)         1.388    13.888 r  salsa_top_xilinix_ip_pll/inst/clkin1_ibufg/O
                         net (fo=1, routed)           1.181    15.069    salsa_top_xilinix_ip_pll/inst/clk_in1_clk_wiz_0
    PLLE2_ADV_X1Y0       PLLE2_ADV (Prop_plle2_adv_CLKIN1_CLKOUT0)
                                                     -7.750     7.319 r  salsa_top_xilinix_ip_pll/inst/plle2_adv_inst/CLKOUT0
                         net (fo=1, routed)           1.576     8.896    salsa_top_xilinix_ip_pll/inst/clk_out1_clk_wiz_0
    BUFGCTRL_X0Y0        BUFG (Prop_bufg_I_O)         0.091     8.987 r  salsa_top_xilinix_ip_pll/inst/clkout1_buf/O
                         net (fo=7218, routed)        1.436    10.422    u_salsa_hash_interative_wrapper/u_hash_interative_with_d_r_c/u_d_r_c_round_interative/clk_out1
    SLICE_X31Y52         FDCE                                         r  u_salsa_hash_interative_wrapper/u_hash_interative_with_d_r_c/u_d_r_c_round_interative/matrix_after_col_reg[0][0][16]/C
                         clock pessimism             -0.505     9.917    
                         clock uncertainty           -0.147     9.770    
    SLICE_X31Y52         FDCE (Setup_fdce_C_D)       -0.093     9.677    u_salsa_hash_interative_wrapper/u_hash_interative_with_d_r_c/u_d_r_c_round_interative/matrix_after_col_reg[0][0][16]
  -------------------------------------------------------------------
                         required time                          9.677    
                         arrival time                          -9.256    
  -------------------------------------------------------------------
                         slack                                  0.421    

Slack (MET) :             0.422ns  (required time - arrival time)
  Source:                 u_salsa_hash_interative_wrapper/u_hash_interative_with_d_r_c/u_d_r_c_round_interative/qr_0_in_reg[0]/C
                            (rising edge-triggered cell FDCE clocked by salsa_top_80mhz_pll_clk  {rise@0.000ns fall@6.250ns period=12.500ns})
  Destination:            u_salsa_hash_interative_wrapper/u_hash_interative_with_d_r_c/u_d_r_c_round_interative/matrix_after_row_reg[0][0][16]/D
                            (rising edge-triggered cell FDCE clocked by salsa_top_80mhz_pll_clk  {rise@0.000ns fall@6.250ns period=12.500ns})
  Path Group:             salsa_top_80mhz_pll_clk
  Path Type:              Setup (Max at Slow Process Corner)
  Requirement:            12.500ns  (salsa_top_80mhz_pll_clk rise@12.500ns - salsa_top_80mhz_pll_clk rise@0.000ns)
  Data Path Delay:        11.709ns  (logic 7.241ns (61.842%)  route 4.468ns (38.158%))
  Logic Levels:           33  (CARRY4=28 LUT2=2 LUT3=1 LUT4=2)
  Clock Path Skew:        -0.129ns (DCD - SCD + CPR)
    Destination Clock Delay (DCD):    -2.079ns = ( 10.421 - 12.500 ) 
    Source Clock Delay      (SCD):    -2.456ns
    Clock Pessimism Removal (CPR):    -0.505ns
  Clock Uncertainty:      0.147ns  ((TSJ^2 + DJ^2)^1/2) / 2 + PE
    Total System Jitter     (TSJ):    0.071ns
    Discrete Jitter          (DJ):    0.286ns
    Phase Error              (PE):    0.000ns

    Location             Delay type                Incr(ns)  Path(ns)    Netlist Resource(s)
  -------------------------------------------------------------------    -------------------
                         (clock salsa_top_80mhz_pll_clk rise edge)
                                                      0.000     0.000 r  
    W5                                                0.000     0.000 r  salsa_top_100mhz_clk (IN)
                         net (fo=0)                   0.000     0.000    salsa_top_xilinix_ip_pll/inst/clk_in1
    W5                   IBUF (Prop_ibuf_I_O)         1.458     1.458 r  salsa_top_xilinix_ip_pll/inst/clkin1_ibufg/O
                         net (fo=1, routed)           1.253     2.711    salsa_top_xilinix_ip_pll/inst/clk_in1_clk_wiz_0
    PLLE2_ADV_X1Y0       PLLE2_ADV (Prop_plle2_adv_CLKIN1_CLKOUT0)
                                                     -8.482    -5.770 r  salsa_top_xilinix_ip_pll/inst/plle2_adv_inst/CLKOUT0
                         net (fo=1, routed)           1.655    -4.115    salsa_top_xilinix_ip_pll/inst/clk_out1_clk_wiz_0
    BUFGCTRL_X0Y0        BUFG (Prop_bufg_I_O)         0.096    -4.019 r  salsa_top_xilinix_ip_pll/inst/clkout1_buf/O
                         net (fo=7218, routed)        1.563    -2.456    u_salsa_hash_interative_wrapper/u_hash_interative_with_d_r_c/u_d_r_c_round_interative/clk_out1
    SLICE_X29Y38         FDCE                                         r  u_salsa_hash_interative_wrapper/u_hash_interative_with_d_r_c/u_d_r_c_round_interative/qr_0_in_reg[0]/C
  -------------------------------------------------------------------    -------------------
    SLICE_X29Y38         FDCE (Prop_fdce_C_Q)         0.456    -2.000 r  u_salsa_hash_interative_wrapper/u_hash_interative_with_d_r_c/u_d_r_c_round_interative/qr_0_in_reg[0]/Q
                         net (fo=5, routed)           0.765    -1.234    u_salsa_hash_interative_wrapper/u_hash_interative_with_d_r_c/u_d_r_c_round_interative/u_quarter_round/Q[0]
    SLICE_X28Y41         LUT2 (Prop_lut2_I0_O)        0.124    -1.110 r  u_salsa_hash_interative_wrapper/u_hash_interative_with_d_r_c/u_d_r_c_round_interative/u_quarter_round/add_10_carry_i_4/O
                         net (fo=1, routed)           0.000    -1.110    u_salsa_hash_interative_wrapper/u_hash_interative_with_d_r_c/u_d_r_c_round_interative/u_quarter_round/add_10_carry_i_4_n_0
    SLICE_X28Y41         CARRY4 (Prop_carry4_S[0]_CO[3])
                                                      0.532    -0.578 r  u_salsa_hash_interative_wrapper/u_hash_interative_with_d_r_c/u_d_r_c_round_interative/u_quarter_round/add_10_carry/CO[3]
                         net (fo=1, routed)           0.000    -0.578    u_salsa_hash_interative_wrapper/u_hash_interative_with_d_r_c/u_d_r_c_round_interative/u_quarter_round/add_10_carry_n_0
    SLICE_X28Y42         CARRY4 (Prop_carry4_CI_CO[3])
                                                      0.114    -0.464 r  u_salsa_hash_interative_wrapper/u_hash_interative_with_d_r_c/u_d_r_c_round_interative/u_quarter_round/add_10_carry__0/CO[3]
                         net (fo=1, routed)           0.000    -0.464    u_salsa_hash_interative_wrapper/u_hash_interative_with_d_r_c/u_d_r_c_round_interative/u_quarter_round/add_10_carry__0_n_0
    SLICE_X28Y43         CARRY4 (Prop_carry4_CI_CO[3])
                                                      0.114    -0.350 r  u_salsa_hash_interative_wrapper/u_hash_interative_with_d_r_c/u_d_r_c_round_interative/u_quarter_round/add_10_carry__1/CO[3]
                         net (fo=1, routed)           0.000    -0.350    u_salsa_hash_interative_wrapper/u_hash_interative_with_d_r_c/u_d_r_c_round_interative/u_quarter_round/add_10_carry__1_n_0
    SLICE_X28Y44         CARRY4 (Prop_carry4_CI_CO[3])
                                                      0.114    -0.236 r  u_salsa_hash_interative_wrapper/u_hash_interative_with_d_r_c/u_d_r_c_round_interative/u_quarter_round/add_10_carry__2/CO[3]
                         net (fo=1, routed)           0.000    -0.236    u_salsa_hash_interative_wrapper/u_hash_interative_with_d_r_c/u_d_r_c_round_interative/u_quarter_round/add_10_carry__2_n_0
    SLICE_X28Y45         CARRY4 (Prop_carry4_CI_CO[3])
                                                      0.114    -0.122 r  u_salsa_hash_interative_wrapper/u_hash_interative_with_d_r_c/u_d_r_c_round_interative/u_quarter_round/add_10_carry__3/CO[3]
                         net (fo=1, routed)           0.000    -0.122    u_salsa_hash_interative_wrapper/u_hash_interative_with_d_r_c/u_d_r_c_round_interative/u_quarter_round/add_10_carry__3_n_0
    SLICE_X28Y46         CARRY4 (Prop_carry4_CI_CO[3])
                                                      0.114    -0.008 r  u_salsa_hash_interative_wrapper/u_hash_interative_with_d_r_c/u_d_r_c_round_interative/u_quarter_round/add_10_carry__4/CO[3]
                         net (fo=1, routed)           0.000    -0.008    u_salsa_hash_interative_wrapper/u_hash_interative_with_d_r_c/u_d_r_c_round_interative/u_quarter_round/add_10_carry__4_n_0
    SLICE_X28Y47         CARRY4 (Prop_carry4_CI_O[1])
                                                      0.334     0.326 r  u_salsa_hash_interative_wrapper/u_hash_interative_with_d_r_c/u_d_r_c_round_interative/u_quarter_round/add_10_carry__5/O[1]
                         net (fo=3, routed)           0.859     1.185    u_salsa_hash_interative_wrapper/u_hash_interative_with_d_r_c/u_d_r_c_round_interative/u_quarter_round/add_1[25]
    SLICE_X29Y42         LUT3 (Prop_lut3_I1_O)        0.303     1.488 r  u_salsa_hash_interative_wrapper/u_hash_interative_with_d_r_c/u_d_r_c_round_interative/u_quarter_round/add_20_carry_i_4/O
                         net (fo=1, routed)           0.000     1.488    u_salsa_hash_interative_wrapper/u_hash_interative_with_d_r_c/u_d_r_c_round_interative/u_quarter_round/add_20_carry_i_4_n_0
    SLICE_X29Y42         CARRY4 (Prop_carry4_S[0]_CO[3])
                                                      0.532     2.020 r  u_salsa_hash_interative_wrapper/u_hash_interative_with_d_r_c/u_d_r_c_round_interative/u_quarter_round/add_20_carry/CO[3]
                         net (fo=1, routed)           0.000     2.020    u_salsa_hash_interative_wrapper/u_hash_interative_with_d_r_c/u_d_r_c_round_interative/u_quarter_round/add_20_carry_n_0
    SLICE_X29Y43         CARRY4 (Prop_carry4_CI_CO[3])
                                                      0.114     2.134 r  u_salsa_hash_interative_wrapper/u_hash_interative_with_d_r_c/u_d_r_c_round_interative/u_quarter_round/add_20_carry__0/CO[3]
                         net (fo=1, routed)           0.000     2.134    u_salsa_hash_interative_wrapper/u_hash_interative_with_d_r_c/u_d_r_c_round_interative/u_quarter_round/add_20_carry__0_n_0
    SLICE_X29Y44         CARRY4 (Prop_carry4_CI_CO[3])
                                                      0.114     2.248 r  u_salsa_hash_interative_wrapper/u_hash_interative_with_d_r_c/u_d_r_c_round_interative/u_quarter_round/add_20_carry__1/CO[3]
                         net (fo=1, routed)           0.000     2.248    u_salsa_hash_interative_wrapper/u_hash_interative_with_d_r_c/u_d_r_c_round_interative/u_quarter_round/add_20_carry__1_n_0
    SLICE_X29Y45         CARRY4 (Prop_carry4_CI_CO[3])
                                                      0.114     2.362 r  u_salsa_hash_interative_wrapper/u_hash_interative_with_d_r_c/u_d_r_c_round_interative/u_quarter_round/add_20_carry__2/CO[3]
                         net (fo=1, routed)           0.000     2.362    u_salsa_hash_interative_wrapper/u_hash_interative_with_d_r_c/u_d_r_c_round_interative/u_quarter_round/add_20_carry__2_n_0
    SLICE_X29Y46         CARRY4 (Prop_carry4_CI_CO[3])
                                                      0.114     2.476 r  u_salsa_hash_interative_wrapper/u_hash_interative_with_d_r_c/u_d_r_c_round_interative/u_quarter_round/add_20_carry__3/CO[3]
                         net (fo=1, routed)           0.000     2.476    u_salsa_hash_interative_wrapper/u_hash_interative_with_d_r_c/u_d_r_c_round_interative/u_quarter_round/add_20_carry__3_n_0
    SLICE_X29Y47         CARRY4 (Prop_carry4_CI_CO[3])
                                                      0.114     2.590 r  u_salsa_hash_interative_wrapper/u_hash_interative_with_d_r_c/u_d_r_c_round_interative/u_quarter_round/add_20_carry__4/CO[3]
                         net (fo=1, routed)           0.000     2.590    u_salsa_hash_interative_wrapper/u_hash_interative_with_d_r_c/u_d_r_c_round_interative/u_quarter_round/add_20_carry__4_n_0
    SLICE_X29Y48         CARRY4 (Prop_carry4_CI_CO[3])
                                                      0.114     2.704 r  u_salsa_hash_interative_wrapper/u_hash_interative_with_d_r_c/u_d_r_c_round_interative/u_quarter_round/add_20_carry__5/CO[3]
                         net (fo=1, routed)           0.000     2.704    u_salsa_hash_interative_wrapper/u_hash_interative_with_d_r_c/u_d_r_c_round_interative/u_quarter_round/add_20_carry__5_n_0
    SLICE_X29Y49         CARRY4 (Prop_carry4_CI_O[0])
                                                      0.222     2.926 r  u_salsa_hash_interative_wrapper/u_hash_interative_with_d_r_c/u_d_r_c_round_interative/u_quarter_round/add_20_carry__6/O[0]
                         net (fo=4, routed)           0.934     3.860    u_salsa_hash_interative_wrapper/u_hash_interative_with_d_r_c/u_d_r_c_round_interative/u_quarter_round/add_2[28]
    SLICE_X31Y41         LUT4 (Prop_lut4_I1_O)        0.299     4.159 r  u_salsa_hash_interative_wrapper/u_hash_interative_with_d_r_c/u_d_r_c_round_interative/u_quarter_round/add_30_carry__0_i_7/O
                         net (fo=1, routed)           0.000     4.159    u_salsa_hash_interative_wrapper/u_hash_interative_with_d_r_c/u_d_r_c_round_interative/u_quarter_round/add_30_carry__0_i_7_n_0
    SLICE_X31Y41         CARRY4 (Prop_carry4_S[1]_CO[3])
                                                      0.550     4.709 r  u_salsa_hash_interative_wrapper/u_hash_interative_with_d_r_c/u_d_r_c_round_interative/u_quarter_round/add_30_carry__0/CO[3]
                         net (fo=1, routed)           0.000     4.709    u_salsa_hash_interative_wrapper/u_hash_interative_with_d_r_c/u_d_r_c_round_interative/u_quarter_round/add_30_carry__0_n_0
    SLICE_X31Y42         CARRY4 (Prop_carry4_CI_CO[3])
                                                      0.114     4.823 r  u_salsa_hash_interative_wrapper/u_hash_interative_with_d_r_c/u_d_r_c_round_interative/u_quarter_round/add_30_carry__1/CO[3]
                         net (fo=1, routed)           0.000     4.823    u_salsa_hash_interative_wrapper/u_hash_interative_with_d_r_c/u_d_r_c_round_interative/u_quarter_round/add_30_carry__1_n_0
    SLICE_X31Y43         CARRY4 (Prop_carry4_CI_CO[3])
                                                      0.114     4.937 r  u_salsa_hash_interative_wrapper/u_hash_interative_with_d_r_c/u_d_r_c_round_interative/u_quarter_round/add_30_carry__2/CO[3]
                         net (fo=1, routed)           0.000     4.937    u_salsa_hash_interative_wrapper/u_hash_interative_with_d_r_c/u_d_r_c_round_interative/u_quarter_round/add_30_carry__2_n_0
    SLICE_X31Y44         CARRY4 (Prop_carry4_CI_CO[3])
                                                      0.114     5.051 r  u_salsa_hash_interative_wrapper/u_hash_interative_with_d_r_c/u_d_r_c_round_interative/u_quarter_round/add_30_carry__3/CO[3]
                         net (fo=1, routed)           0.000     5.051    u_salsa_hash_interative_wrapper/u_hash_interative_with_d_r_c/u_d_r_c_round_interative/u_quarter_round/add_30_carry__3_n_0
    SLICE_X31Y45         CARRY4 (Prop_carry4_CI_CO[3])
                                                      0.114     5.165 r  u_salsa_hash_interative_wrapper/u_hash_interative_with_d_r_c/u_d_r_c_round_interative/u_quarter_round/add_30_carry__4/CO[3]
                         net (fo=1, routed)           0.000     5.165    u_salsa_hash_interative_wrapper/u_hash_interative_with_d_r_c/u_d_r_c_round_interative/u_quarter_round/add_30_carry__4_n_0
    SLICE_X31Y46         CARRY4 (Prop_carry4_CI_O[0])
                                                      0.222     5.387 r  u_salsa_hash_interative_wrapper/u_hash_interative_with_d_r_c/u_d_r_c_round_interative/u_quarter_round/add_30_carry__5/O[0]
                         net (fo=3, routed)           0.738     6.125    u_salsa_hash_interative_wrapper/u_hash_interative_with_d_r_c/u_d_r_c_round_interative/u_quarter_round/add_3[24]
    SLICE_X30Y43         LUT4 (Prop_lut4_I1_O)        0.299     6.424 r  u_salsa_hash_interative_wrapper/u_hash_interative_with_d_r_c/u_d_r_c_round_interative/u_quarter_round/add_40_carry__0_i_7/O
                         net (fo=1, routed)           0.000     6.424    u_salsa_hash_interative_wrapper/u_hash_interative_with_d_r_c/u_d_r_c_round_interative/u_quarter_round/add_40_carry__0_i_7_n_0
    SLICE_X30Y43         CARRY4 (Prop_carry4_S[1]_CO[3])
                                                      0.533     6.957 r  u_salsa_hash_interative_wrapper/u_hash_interative_with_d_r_c/u_d_r_c_round_interative/u_quarter_round/add_40_carry__0/CO[3]
                         net (fo=1, routed)           0.000     6.957    u_salsa_hash_interative_wrapper/u_hash_interative_with_d_r_c/u_d_r_c_round_interative/u_quarter_round/add_40_carry__0_n_0
    SLICE_X30Y44         CARRY4 (Prop_carry4_CI_CO[3])
                                                      0.117     7.074 r  u_salsa_hash_interative_wrapper/u_hash_interative_with_d_r_c/u_d_r_c_round_interative/u_quarter_round/add_40_carry__1/CO[3]
                         net (fo=1, routed)           0.000     7.074    u_salsa_hash_interative_wrapper/u_hash_interative_with_d_r_c/u_d_r_c_round_interative/u_quarter_round/add_40_carry__1_n_0
    SLICE_X30Y45         CARRY4 (Prop_carry4_CI_CO[3])
                                                      0.117     7.191 r  u_salsa_hash_interative_wrapper/u_hash_interative_with_d_r_c/u_d_r_c_round_interative/u_quarter_round/add_40_carry__2/CO[3]
                         net (fo=1, routed)           0.000     7.191    u_salsa_hash_interative_wrapper/u_hash_interative_with_d_r_c/u_d_r_c_round_interative/u_quarter_round/add_40_carry__2_n_0
    SLICE_X30Y46         CARRY4 (Prop_carry4_CI_CO[3])
                                                      0.117     7.308 r  u_salsa_hash_interative_wrapper/u_hash_interative_with_d_r_c/u_d_r_c_round_interative/u_quarter_round/add_40_carry__3/CO[3]
                         net (fo=1, routed)           0.000     7.308    u_salsa_hash_interative_wrapper/u_hash_interative_with_d_r_c/u_d_r_c_round_interative/u_quarter_round/add_40_carry__3_n_0
    SLICE_X30Y47         CARRY4 (Prop_carry4_CI_CO[3])
                                                      0.117     7.425 r  u_salsa_hash_interative_wrapper/u_hash_interative_with_d_r_c/u_d_r_c_round_interative/u_quarter_round/add_40_carry__4/CO[3]
                         net (fo=1, routed)           0.000     7.425    u_salsa_hash_interative_wrapper/u_hash_interative_with_d_r_c/u_d_r_c_round_interative/u_quarter_round/add_40_carry__4_n_0
    SLICE_X30Y48         CARRY4 (Prop_carry4_CI_CO[3])
                                                      0.117     7.542 r  u_salsa_hash_interative_wrapper/u_hash_interative_with_d_r_c/u_d_r_c_round_interative/u_quarter_round/add_40_carry__5/CO[3]
                         net (fo=1, routed)           0.000     7.542    u_salsa_hash_interative_wrapper/u_hash_interative_with_d_r_c/u_d_r_c_round_interative/u_quarter_round/add_40_carry__5_n_0
    SLICE_X30Y49         CARRY4 (Prop_carry4_CI_O[2])
                                                      0.239     7.781 r  u_salsa_hash_interative_wrapper/u_hash_interative_with_d_r_c/u_d_r_c_round_interative/u_quarter_round/add_40_carry__6/O[2]
                         net (fo=1, routed)           0.549     8.330    u_salsa_hash_interative_wrapper/u_hash_interative_with_d_r_c/u_d_r_c_round_interative/u_quarter_round/add_4[30]
    SLICE_X31Y50         LUT2 (Prop_lut2_I0_O)        0.301     8.631 r  u_salsa_hash_interative_wrapper/u_hash_interative_with_d_r_c/u_d_r_c_round_interative/u_quarter_round/matrix_after_col[0][0][16]_i_1/O
                         net (fo=8, routed)           0.622     9.253    u_salsa_hash_interative_wrapper/u_hash_interative_with_d_r_c/u_d_r_c_round_interative/qr_0_out[16]
    SLICE_X35Y50         FDCE                                         r  u_salsa_hash_interative_wrapper/u_hash_interative_with_d_r_c/u_d_r_c_round_interative/matrix_after_row_reg[0][0][16]/D
  -------------------------------------------------------------------    -------------------

                         (clock salsa_top_80mhz_pll_clk rise edge)
                                                     12.500    12.500 r  
    W5                                                0.000    12.500 r  salsa_top_100mhz_clk (IN)
                         net (fo=0)                   0.000    12.500    salsa_top_xilinix_ip_pll/inst/clk_in1
    W5                   IBUF (Prop_ibuf_I_O)         1.388    13.888 r  salsa_top_xilinix_ip_pll/inst/clkin1_ibufg/O
                         net (fo=1, routed)           1.181    15.069    salsa_top_xilinix_ip_pll/inst/clk_in1_clk_wiz_0
    PLLE2_ADV_X1Y0       PLLE2_ADV (Prop_plle2_adv_CLKIN1_CLKOUT0)
                                                     -7.750     7.319 r  salsa_top_xilinix_ip_pll/inst/plle2_adv_inst/CLKOUT0
                         net (fo=1, routed)           1.576     8.896    salsa_top_xilinix_ip_pll/inst/clk_out1_clk_wiz_0
    BUFGCTRL_X0Y0        BUFG (Prop_bufg_I_O)         0.091     8.987 r  salsa_top_xilinix_ip_pll/inst/clkout1_buf/O
                         net (fo=7218, routed)        1.435    10.421    u_salsa_hash_interative_wrapper/u_hash_interative_with_d_r_c/u_d_r_c_round_interative/clk_out1
    SLICE_X35Y50         FDCE                                         r  u_salsa_hash_interative_wrapper/u_hash_interative_with_d_r_c/u_d_r_c_round_interative/matrix_after_row_reg[0][0][16]/C
                         clock pessimism             -0.505     9.916    
                         clock uncertainty           -0.147     9.769    
    SLICE_X35Y50         FDCE (Setup_fdce_C_D)       -0.093     9.676    u_salsa_hash_interative_wrapper/u_hash_interative_with_d_r_c/u_d_r_c_round_interative/matrix_after_row_reg[0][0][16]
  -------------------------------------------------------------------
                         required time                          9.676    
                         arrival time                          -9.253    
  -------------------------------------------------------------------
                         slack                                  0.422    

Slack (MET) :             0.423ns  (required time - arrival time)
  Source:                 u_salsa_hash_interative_wrapper/u_hash_interative_with_d_r_c/u_d_r_c_round_interative/qr_0_in_reg[0]/C
                            (rising edge-triggered cell FDCE clocked by salsa_top_80mhz_pll_clk  {rise@0.000ns fall@6.250ns period=12.500ns})
  Destination:            u_salsa_hash_interative_wrapper/u_hash_interative_with_d_r_c/u_d_r_c_round_interative/matrix_after_row_reg[2][2][5]/D
                            (rising edge-triggered cell FDCE clocked by salsa_top_80mhz_pll_clk  {rise@0.000ns fall@6.250ns period=12.500ns})
  Path Group:             salsa_top_80mhz_pll_clk
  Path Type:              Setup (Max at Slow Process Corner)
  Requirement:            12.500ns  (salsa_top_80mhz_pll_clk rise@12.500ns - salsa_top_80mhz_pll_clk rise@0.000ns)
  Data Path Delay:        11.802ns  (logic 6.972ns (59.072%)  route 4.830ns (40.928%))
  Logic Levels:           30  (CARRY4=25 LUT2=2 LUT3=1 LUT4=2)
  Clock Path Skew:        -0.022ns (DCD - SCD + CPR)
    Destination Clock Delay (DCD):    -2.066ns = ( 10.434 - 12.500 ) 
    Source Clock Delay      (SCD):    -2.456ns
    Clock Pessimism Removal (CPR):    -0.411ns
  Clock Uncertainty:      0.147ns  ((TSJ^2 + DJ^2)^1/2) / 2 + PE
    Total System Jitter     (TSJ):    0.071ns
    Discrete Jitter          (DJ):    0.286ns
    Phase Error              (PE):    0.000ns

    Location             Delay type                Incr(ns)  Path(ns)    Netlist Resource(s)
  -------------------------------------------------------------------    -------------------
                         (clock salsa_top_80mhz_pll_clk rise edge)
                                                      0.000     0.000 r  
    W5                                                0.000     0.000 r  salsa_top_100mhz_clk (IN)
                         net (fo=0)                   0.000     0.000    salsa_top_xilinix_ip_pll/inst/clk_in1
    W5                   IBUF (Prop_ibuf_I_O)         1.458     1.458 r  salsa_top_xilinix_ip_pll/inst/clkin1_ibufg/O
                         net (fo=1, routed)           1.253     2.711    salsa_top_xilinix_ip_pll/inst/clk_in1_clk_wiz_0
    PLLE2_ADV_X1Y0       PLLE2_ADV (Prop_plle2_adv_CLKIN1_CLKOUT0)
                                                     -8.482    -5.770 r  salsa_top_xilinix_ip_pll/inst/plle2_adv_inst/CLKOUT0
                         net (fo=1, routed)           1.655    -4.115    salsa_top_xilinix_ip_pll/inst/clk_out1_clk_wiz_0
    BUFGCTRL_X0Y0        BUFG (Prop_bufg_I_O)         0.096    -4.019 r  salsa_top_xilinix_ip_pll/inst/clkout1_buf/O
                         net (fo=7218, routed)        1.563    -2.456    u_salsa_hash_interative_wrapper/u_hash_interative_with_d_r_c/u_d_r_c_round_interative/clk_out1
    SLICE_X29Y38         FDCE                                         r  u_salsa_hash_interative_wrapper/u_hash_interative_with_d_r_c/u_d_r_c_round_interative/qr_0_in_reg[0]/C
  -------------------------------------------------------------------    -------------------
    SLICE_X29Y38         FDCE (Prop_fdce_C_Q)         0.456    -2.000 r  u_salsa_hash_interative_wrapper/u_hash_interative_with_d_r_c/u_d_r_c_round_interative/qr_0_in_reg[0]/Q
                         net (fo=5, routed)           0.765    -1.234    u_salsa_hash_interative_wrapper/u_hash_interative_with_d_r_c/u_d_r_c_round_interative/u_quarter_round/Q[0]
    SLICE_X28Y41         LUT2 (Prop_lut2_I0_O)        0.124    -1.110 r  u_salsa_hash_interative_wrapper/u_hash_interative_with_d_r_c/u_d_r_c_round_interative/u_quarter_round/add_10_carry_i_4/O
                         net (fo=1, routed)           0.000    -1.110    u_salsa_hash_interative_wrapper/u_hash_interative_with_d_r_c/u_d_r_c_round_interative/u_quarter_round/add_10_carry_i_4_n_0
    SLICE_X28Y41         CARRY4 (Prop_carry4_S[0]_CO[3])
                                                      0.532    -0.578 r  u_salsa_hash_interative_wrapper/u_hash_interative_with_d_r_c/u_d_r_c_round_interative/u_quarter_round/add_10_carry/CO[3]
                         net (fo=1, routed)           0.000    -0.578    u_salsa_hash_interative_wrapper/u_hash_interative_with_d_r_c/u_d_r_c_round_interative/u_quarter_round/add_10_carry_n_0
    SLICE_X28Y42         CARRY4 (Prop_carry4_CI_CO[3])
                                                      0.114    -0.464 r  u_salsa_hash_interative_wrapper/u_hash_interative_with_d_r_c/u_d_r_c_round_interative/u_quarter_round/add_10_carry__0/CO[3]
                         net (fo=1, routed)           0.000    -0.464    u_salsa_hash_interative_wrapper/u_hash_interative_with_d_r_c/u_d_r_c_round_interative/u_quarter_round/add_10_carry__0_n_0
    SLICE_X28Y43         CARRY4 (Prop_carry4_CI_CO[3])
                                                      0.114    -0.350 r  u_salsa_hash_interative_wrapper/u_hash_interative_with_d_r_c/u_d_r_c_round_interative/u_quarter_round/add_10_carry__1/CO[3]
                         net (fo=1, routed)           0.000    -0.350    u_salsa_hash_interative_wrapper/u_hash_interative_with_d_r_c/u_d_r_c_round_interative/u_quarter_round/add_10_carry__1_n_0
    SLICE_X28Y44         CARRY4 (Prop_carry4_CI_CO[3])
                                                      0.114    -0.236 r  u_salsa_hash_interative_wrapper/u_hash_interative_with_d_r_c/u_d_r_c_round_interative/u_quarter_round/add_10_carry__2/CO[3]
                         net (fo=1, routed)           0.000    -0.236    u_salsa_hash_interative_wrapper/u_hash_interative_with_d_r_c/u_d_r_c_round_interative/u_quarter_round/add_10_carry__2_n_0
    SLICE_X28Y45         CARRY4 (Prop_carry4_CI_CO[3])
                                                      0.114    -0.122 r  u_salsa_hash_interative_wrapper/u_hash_interative_with_d_r_c/u_d_r_c_round_interative/u_quarter_round/add_10_carry__3/CO[3]
                         net (fo=1, routed)           0.000    -0.122    u_salsa_hash_interative_wrapper/u_hash_interative_with_d_r_c/u_d_r_c_round_interative/u_quarter_round/add_10_carry__3_n_0
    SLICE_X28Y46         CARRY4 (Prop_carry4_CI_CO[3])
                                                      0.114    -0.008 r  u_salsa_hash_interative_wrapper/u_hash_interative_with_d_r_c/u_d_r_c_round_interative/u_quarter_round/add_10_carry__4/CO[3]
                         net (fo=1, routed)           0.000    -0.008    u_salsa_hash_interative_wrapper/u_hash_interative_with_d_r_c/u_d_r_c_round_interative/u_quarter_round/add_10_carry__4_n_0
    SLICE_X28Y47         CARRY4 (Prop_carry4_CI_O[1])
                                                      0.334     0.326 r  u_salsa_hash_interative_wrapper/u_hash_interative_with_d_r_c/u_d_r_c_round_interative/u_quarter_round/add_10_carry__5/O[1]
                         net (fo=3, routed)           0.859     1.185    u_salsa_hash_interative_wrapper/u_hash_interative_with_d_r_c/u_d_r_c_round_interative/u_quarter_round/add_1[25]
    SLICE_X29Y42         LUT3 (Prop_lut3_I1_O)        0.303     1.488 r  u_salsa_hash_interative_wrapper/u_hash_interative_with_d_r_c/u_d_r_c_round_interative/u_quarter_round/add_20_carry_i_4/O
                         net (fo=1, routed)           0.000     1.488    u_salsa_hash_interative_wrapper/u_hash_interative_with_d_r_c/u_d_r_c_round_interative/u_quarter_round/add_20_carry_i_4_n_0
    SLICE_X29Y42         CARRY4 (Prop_carry4_S[0]_CO[3])
                                                      0.532     2.020 r  u_salsa_hash_interative_wrapper/u_hash_interative_with_d_r_c/u_d_r_c_round_interative/u_quarter_round/add_20_carry/CO[3]
                         net (fo=1, routed)           0.000     2.020    u_salsa_hash_interative_wrapper/u_hash_interative_with_d_r_c/u_d_r_c_round_interative/u_quarter_round/add_20_carry_n_0
    SLICE_X29Y43         CARRY4 (Prop_carry4_CI_CO[3])
                                                      0.114     2.134 r  u_salsa_hash_interative_wrapper/u_hash_interative_with_d_r_c/u_d_r_c_round_interative/u_quarter_round/add_20_carry__0/CO[3]
                         net (fo=1, routed)           0.000     2.134    u_salsa_hash_interative_wrapper/u_hash_interative_with_d_r_c/u_d_r_c_round_interative/u_quarter_round/add_20_carry__0_n_0
    SLICE_X29Y44         CARRY4 (Prop_carry4_CI_CO[3])
                                                      0.114     2.248 r  u_salsa_hash_interative_wrapper/u_hash_interative_with_d_r_c/u_d_r_c_round_interative/u_quarter_round/add_20_carry__1/CO[3]
                         net (fo=1, routed)           0.000     2.248    u_salsa_hash_interative_wrapper/u_hash_interative_with_d_r_c/u_d_r_c_round_interative/u_quarter_round/add_20_carry__1_n_0
    SLICE_X29Y45         CARRY4 (Prop_carry4_CI_CO[3])
                                                      0.114     2.362 r  u_salsa_hash_interative_wrapper/u_hash_interative_with_d_r_c/u_d_r_c_round_interative/u_quarter_round/add_20_carry__2/CO[3]
                         net (fo=1, routed)           0.000     2.362    u_salsa_hash_interative_wrapper/u_hash_interative_with_d_r_c/u_d_r_c_round_interative/u_quarter_round/add_20_carry__2_n_0
    SLICE_X29Y46         CARRY4 (Prop_carry4_CI_CO[3])
                                                      0.114     2.476 r  u_salsa_hash_interative_wrapper/u_hash_interative_with_d_r_c/u_d_r_c_round_interative/u_quarter_round/add_20_carry__3/CO[3]
                         net (fo=1, routed)           0.000     2.476    u_salsa_hash_interative_wrapper/u_hash_interative_with_d_r_c/u_d_r_c_round_interative/u_quarter_round/add_20_carry__3_n_0
    SLICE_X29Y47         CARRY4 (Prop_carry4_CI_CO[3])
                                                      0.114     2.590 r  u_salsa_hash_interative_wrapper/u_hash_interative_with_d_r_c/u_d_r_c_round_interative/u_quarter_round/add_20_carry__4/CO[3]
                         net (fo=1, routed)           0.000     2.590    u_salsa_hash_interative_wrapper/u_hash_interative_with_d_r_c/u_d_r_c_round_interative/u_quarter_round/add_20_carry__4_n_0
    SLICE_X29Y48         CARRY4 (Prop_carry4_CI_CO[3])
                                                      0.114     2.704 r  u_salsa_hash_interative_wrapper/u_hash_interative_with_d_r_c/u_d_r_c_round_interative/u_quarter_round/add_20_carry__5/CO[3]
                         net (fo=1, routed)           0.000     2.704    u_salsa_hash_interative_wrapper/u_hash_interative_with_d_r_c/u_d_r_c_round_interative/u_quarter_round/add_20_carry__5_n_0
    SLICE_X29Y49         CARRY4 (Prop_carry4_CI_O[0])
                                                      0.222     2.926 r  u_salsa_hash_interative_wrapper/u_hash_interative_with_d_r_c/u_d_r_c_round_interative/u_quarter_round/add_20_carry__6/O[0]
                         net (fo=4, routed)           0.934     3.860    u_salsa_hash_interative_wrapper/u_hash_interative_with_d_r_c/u_d_r_c_round_interative/u_quarter_round/add_2[28]
    SLICE_X31Y41         LUT4 (Prop_lut4_I1_O)        0.299     4.159 r  u_salsa_hash_interative_wrapper/u_hash_interative_with_d_r_c/u_d_r_c_round_interative/u_quarter_round/add_30_carry__0_i_7/O
                         net (fo=1, routed)           0.000     4.159    u_salsa_hash_interative_wrapper/u_hash_interative_with_d_r_c/u_d_r_c_round_interative/u_quarter_round/add_30_carry__0_i_7_n_0
    SLICE_X31Y41         CARRY4 (Prop_carry4_S[1]_CO[3])
                                                      0.550     4.709 r  u_salsa_hash_interative_wrapper/u_hash_interative_with_d_r_c/u_d_r_c_round_interative/u_quarter_round/add_30_carry__0/CO[3]
                         net (fo=1, routed)           0.000     4.709    u_salsa_hash_interative_wrapper/u_hash_interative_with_d_r_c/u_d_r_c_round_interative/u_quarter_round/add_30_carry__0_n_0
    SLICE_X31Y42         CARRY4 (Prop_carry4_CI_CO[3])
                                                      0.114     4.823 r  u_salsa_hash_interative_wrapper/u_hash_interative_with_d_r_c/u_d_r_c_round_interative/u_quarter_round/add_30_carry__1/CO[3]
                         net (fo=1, routed)           0.000     4.823    u_salsa_hash_interative_wrapper/u_hash_interative_with_d_r_c/u_d_r_c_round_interative/u_quarter_round/add_30_carry__1_n_0
    SLICE_X31Y43         CARRY4 (Prop_carry4_CI_CO[3])
                                                      0.114     4.937 r  u_salsa_hash_interative_wrapper/u_hash_interative_with_d_r_c/u_d_r_c_round_interative/u_quarter_round/add_30_carry__2/CO[3]
                         net (fo=1, routed)           0.000     4.937    u_salsa_hash_interative_wrapper/u_hash_interative_with_d_r_c/u_d_r_c_round_interative/u_quarter_round/add_30_carry__2_n_0
    SLICE_X31Y44         CARRY4 (Prop_carry4_CI_CO[3])
                                                      0.114     5.051 r  u_salsa_hash_interative_wrapper/u_hash_interative_with_d_r_c/u_d_r_c_round_interative/u_quarter_round/add_30_carry__3/CO[3]
                         net (fo=1, routed)           0.000     5.051    u_salsa_hash_interative_wrapper/u_hash_interative_with_d_r_c/u_d_r_c_round_interative/u_quarter_round/add_30_carry__3_n_0
    SLICE_X31Y45         CARRY4 (Prop_carry4_CI_CO[3])
                                                      0.114     5.165 r  u_salsa_hash_interative_wrapper/u_hash_interative_with_d_r_c/u_d_r_c_round_interative/u_quarter_round/add_30_carry__4/CO[3]
                         net (fo=1, routed)           0.000     5.165    u_salsa_hash_interative_wrapper/u_hash_interative_with_d_r_c/u_d_r_c_round_interative/u_quarter_round/add_30_carry__4_n_0
    SLICE_X31Y46         CARRY4 (Prop_carry4_CI_O[0])
                                                      0.222     5.387 r  u_salsa_hash_interative_wrapper/u_hash_interative_with_d_r_c/u_d_r_c_round_interative/u_quarter_round/add_30_carry__5/O[0]
                         net (fo=3, routed)           0.738     6.125    u_salsa_hash_interative_wrapper/u_hash_interative_with_d_r_c/u_d_r_c_round_interative/u_quarter_round/add_3[24]
    SLICE_X30Y43         LUT4 (Prop_lut4_I1_O)        0.299     6.424 r  u_salsa_hash_interative_wrapper/u_hash_interative_with_d_r_c/u_d_r_c_round_interative/u_quarter_round/add_40_carry__0_i_7/O
                         net (fo=1, routed)           0.000     6.424    u_salsa_hash_interative_wrapper/u_hash_interative_with_d_r_c/u_d_r_c_round_interative/u_quarter_round/add_40_carry__0_i_7_n_0
    SLICE_X30Y43         CARRY4 (Prop_carry4_S[1]_CO[3])
                                                      0.533     6.957 r  u_salsa_hash_interative_wrapper/u_hash_interative_with_d_r_c/u_d_r_c_round_interative/u_quarter_round/add_40_carry__0/CO[3]
                         net (fo=1, routed)           0.000     6.957    u_salsa_hash_interative_wrapper/u_hash_interative_with_d_r_c/u_d_r_c_round_interative/u_quarter_round/add_40_carry__0_n_0
    SLICE_X30Y44         CARRY4 (Prop_carry4_CI_CO[3])
                                                      0.117     7.074 r  u_salsa_hash_interative_wrapper/u_hash_interative_with_d_r_c/u_d_r_c_round_interative/u_quarter_round/add_40_carry__1/CO[3]
                         net (fo=1, routed)           0.000     7.074    u_salsa_hash_interative_wrapper/u_hash_interative_with_d_r_c/u_d_r_c_round_interative/u_quarter_round/add_40_carry__1_n_0
    SLICE_X30Y45         CARRY4 (Prop_carry4_CI_CO[3])
                                                      0.117     7.191 r  u_salsa_hash_interative_wrapper/u_hash_interative_with_d_r_c/u_d_r_c_round_interative/u_quarter_round/add_40_carry__2/CO[3]
                         net (fo=1, routed)           0.000     7.191    u_salsa_hash_interative_wrapper/u_hash_interative_with_d_r_c/u_d_r_c_round_interative/u_quarter_round/add_40_carry__2_n_0
    SLICE_X30Y46         CARRY4 (Prop_carry4_CI_O[3])
                                                      0.315     7.506 r  u_salsa_hash_interative_wrapper/u_hash_interative_with_d_r_c/u_d_r_c_round_interative/u_quarter_round/add_40_carry__3/O[3]
                         net (fo=1, routed)           0.522     8.028    u_salsa_hash_interative_wrapper/u_hash_interative_with_d_r_c/u_d_r_c_round_interative/u_quarter_round/add_4[19]
    SLICE_X30Y41         LUT2 (Prop_lut2_I0_O)        0.307     8.335 r  u_salsa_hash_interative_wrapper/u_hash_interative_with_d_r_c/u_d_r_c_round_interative/u_quarter_round/matrix_after_col[0][0][5]_i_1/O
                         net (fo=8, routed)           1.012     9.347    u_salsa_hash_interative_wrapper/u_hash_interative_with_d_r_c/u_d_r_c_round_interative/qr_0_out[5]
    SLICE_X28Y45         FDCE                                         r  u_salsa_hash_interative_wrapper/u_hash_interative_with_d_r_c/u_d_r_c_round_interative/matrix_after_row_reg[2][2][5]/D
  -------------------------------------------------------------------    -------------------

                         (clock salsa_top_80mhz_pll_clk rise edge)
                                                     12.500    12.500 r  
    W5                                                0.000    12.500 r  salsa_top_100mhz_clk (IN)
                         net (fo=0)                   0.000    12.500    salsa_top_xilinix_ip_pll/inst/clk_in1
    W5                   IBUF (Prop_ibuf_I_O)         1.388    13.888 r  salsa_top_xilinix_ip_pll/inst/clkin1_ibufg/O
                         net (fo=1, routed)           1.181    15.069    salsa_top_xilinix_ip_pll/inst/clk_in1_clk_wiz_0
    PLLE2_ADV_X1Y0       PLLE2_ADV (Prop_plle2_adv_CLKIN1_CLKOUT0)
                                                     -7.750     7.319 r  salsa_top_xilinix_ip_pll/inst/plle2_adv_inst/CLKOUT0
                         net (fo=1, routed)           1.576     8.896    salsa_top_xilinix_ip_pll/inst/clk_out1_clk_wiz_0
    BUFGCTRL_X0Y0        BUFG (Prop_bufg_I_O)         0.091     8.987 r  salsa_top_xilinix_ip_pll/inst/clkout1_buf/O
                         net (fo=7218, routed)        1.447    10.434    u_salsa_hash_interative_wrapper/u_hash_interative_with_d_r_c/u_d_r_c_round_interative/clk_out1
    SLICE_X28Y45         FDCE                                         r  u_salsa_hash_interative_wrapper/u_hash_interative_with_d_r_c/u_d_r_c_round_interative/matrix_after_row_reg[2][2][5]/C
                         clock pessimism             -0.411    10.022    
                         clock uncertainty           -0.147     9.875    
    SLICE_X28Y45         FDCE (Setup_fdce_C_D)       -0.105     9.770    u_salsa_hash_interative_wrapper/u_hash_interative_with_d_r_c/u_d_r_c_round_interative/matrix_after_row_reg[2][2][5]
  -------------------------------------------------------------------
                         required time                          9.770    
                         arrival time                          -9.347    
  -------------------------------------------------------------------
                         slack                                  0.423    

Slack (MET) :             0.434ns  (required time - arrival time)
  Source:                 u_salsa_hash_interative_wrapper/u_hash_interative_with_d_r_c/u_d_r_c_round_interative/qr_0_in_reg[0]/C
                            (rising edge-triggered cell FDCE clocked by salsa_top_80mhz_pll_clk  {rise@0.000ns fall@6.250ns period=12.500ns})
  Destination:            u_salsa_hash_interative_wrapper/u_hash_interative_with_d_r_c/u_d_r_c_round_interative/matrix_after_row_reg[1][1][11]/D
                            (rising edge-triggered cell FDCE clocked by salsa_top_80mhz_pll_clk  {rise@0.000ns fall@6.250ns period=12.500ns})
  Path Group:             salsa_top_80mhz_pll_clk
  Path Type:              Setup (Max at Slow Process Corner)
  Requirement:            12.500ns  (salsa_top_80mhz_pll_clk rise@12.500ns - salsa_top_80mhz_pll_clk rise@0.000ns)
  Data Path Delay:        11.750ns  (logic 7.213ns (61.389%)  route 4.537ns (38.611%))
  Logic Levels:           32  (CARRY4=27 LUT2=2 LUT3=1 LUT4=2)
  Clock Path Skew:        -0.123ns (DCD - SCD + CPR)
    Destination Clock Delay (DCD):    -2.073ns = ( 10.427 - 12.500 ) 
    Source Clock Delay      (SCD):    -2.456ns
    Clock Pessimism Removal (CPR):    -0.505ns
  Clock Uncertainty:      0.147ns  ((TSJ^2 + DJ^2)^1/2) / 2 + PE
    Total System Jitter     (TSJ):    0.071ns
    Discrete Jitter          (DJ):    0.286ns
    Phase Error              (PE):    0.000ns

    Location             Delay type                Incr(ns)  Path(ns)    Netlist Resource(s)
  -------------------------------------------------------------------    -------------------
                         (clock salsa_top_80mhz_pll_clk rise edge)
                                                      0.000     0.000 r  
    W5                                                0.000     0.000 r  salsa_top_100mhz_clk (IN)
                         net (fo=0)                   0.000     0.000    salsa_top_xilinix_ip_pll/inst/clk_in1
    W5                   IBUF (Prop_ibuf_I_O)         1.458     1.458 r  salsa_top_xilinix_ip_pll/inst/clkin1_ibufg/O
                         net (fo=1, routed)           1.253     2.711    salsa_top_xilinix_ip_pll/inst/clk_in1_clk_wiz_0
    PLLE2_ADV_X1Y0       PLLE2_ADV (Prop_plle2_adv_CLKIN1_CLKOUT0)
                                                     -8.482    -5.770 r  salsa_top_xilinix_ip_pll/inst/plle2_adv_inst/CLKOUT0
                         net (fo=1, routed)           1.655    -4.115    salsa_top_xilinix_ip_pll/inst/clk_out1_clk_wiz_0
    BUFGCTRL_X0Y0        BUFG (Prop_bufg_I_O)         0.096    -4.019 r  salsa_top_xilinix_ip_pll/inst/clkout1_buf/O
                         net (fo=7218, routed)        1.563    -2.456    u_salsa_hash_interative_wrapper/u_hash_interative_with_d_r_c/u_d_r_c_round_interative/clk_out1
    SLICE_X29Y38         FDCE                                         r  u_salsa_hash_interative_wrapper/u_hash_interative_with_d_r_c/u_d_r_c_round_interative/qr_0_in_reg[0]/C
  -------------------------------------------------------------------    -------------------
    SLICE_X29Y38         FDCE (Prop_fdce_C_Q)         0.456    -2.000 r  u_salsa_hash_interative_wrapper/u_hash_interative_with_d_r_c/u_d_r_c_round_interative/qr_0_in_reg[0]/Q
                         net (fo=5, routed)           0.765    -1.234    u_salsa_hash_interative_wrapper/u_hash_interative_with_d_r_c/u_d_r_c_round_interative/u_quarter_round/Q[0]
    SLICE_X28Y41         LUT2 (Prop_lut2_I0_O)        0.124    -1.110 r  u_salsa_hash_interative_wrapper/u_hash_interative_with_d_r_c/u_d_r_c_round_interative/u_quarter_round/add_10_carry_i_4/O
                         net (fo=1, routed)           0.000    -1.110    u_salsa_hash_interative_wrapper/u_hash_interative_with_d_r_c/u_d_r_c_round_interative/u_quarter_round/add_10_carry_i_4_n_0
    SLICE_X28Y41         CARRY4 (Prop_carry4_S[0]_CO[3])
                                                      0.532    -0.578 r  u_salsa_hash_interative_wrapper/u_hash_interative_with_d_r_c/u_d_r_c_round_interative/u_quarter_round/add_10_carry/CO[3]
                         net (fo=1, routed)           0.000    -0.578    u_salsa_hash_interative_wrapper/u_hash_interative_with_d_r_c/u_d_r_c_round_interative/u_quarter_round/add_10_carry_n_0
    SLICE_X28Y42         CARRY4 (Prop_carry4_CI_CO[3])
                                                      0.114    -0.464 r  u_salsa_hash_interative_wrapper/u_hash_interative_with_d_r_c/u_d_r_c_round_interative/u_quarter_round/add_10_carry__0/CO[3]
                         net (fo=1, routed)           0.000    -0.464    u_salsa_hash_interative_wrapper/u_hash_interative_with_d_r_c/u_d_r_c_round_interative/u_quarter_round/add_10_carry__0_n_0
    SLICE_X28Y43         CARRY4 (Prop_carry4_CI_CO[3])
                                                      0.114    -0.350 r  u_salsa_hash_interative_wrapper/u_hash_interative_with_d_r_c/u_d_r_c_round_interative/u_quarter_round/add_10_carry__1/CO[3]
                         net (fo=1, routed)           0.000    -0.350    u_salsa_hash_interative_wrapper/u_hash_interative_with_d_r_c/u_d_r_c_round_interative/u_quarter_round/add_10_carry__1_n_0
    SLICE_X28Y44         CARRY4 (Prop_carry4_CI_CO[3])
                                                      0.114    -0.236 r  u_salsa_hash_interative_wrapper/u_hash_interative_with_d_r_c/u_d_r_c_round_interative/u_quarter_round/add_10_carry__2/CO[3]
                         net (fo=1, routed)           0.000    -0.236    u_salsa_hash_interative_wrapper/u_hash_interative_with_d_r_c/u_d_r_c_round_interative/u_quarter_round/add_10_carry__2_n_0
    SLICE_X28Y45         CARRY4 (Prop_carry4_CI_CO[3])
                                                      0.114    -0.122 r  u_salsa_hash_interative_wrapper/u_hash_interative_with_d_r_c/u_d_r_c_round_interative/u_quarter_round/add_10_carry__3/CO[3]
                         net (fo=1, routed)           0.000    -0.122    u_salsa_hash_interative_wrapper/u_hash_interative_with_d_r_c/u_d_r_c_round_interative/u_quarter_round/add_10_carry__3_n_0
    SLICE_X28Y46         CARRY4 (Prop_carry4_CI_CO[3])
                                                      0.114    -0.008 r  u_salsa_hash_interative_wrapper/u_hash_interative_with_d_r_c/u_d_r_c_round_interative/u_quarter_round/add_10_carry__4/CO[3]
                         net (fo=1, routed)           0.000    -0.008    u_salsa_hash_interative_wrapper/u_hash_interative_with_d_r_c/u_d_r_c_round_interative/u_quarter_round/add_10_carry__4_n_0
    SLICE_X28Y47         CARRY4 (Prop_carry4_CI_O[1])
                                                      0.334     0.326 r  u_salsa_hash_interative_wrapper/u_hash_interative_with_d_r_c/u_d_r_c_round_interative/u_quarter_round/add_10_carry__5/O[1]
                         net (fo=3, routed)           0.859     1.185    u_salsa_hash_interative_wrapper/u_hash_interative_with_d_r_c/u_d_r_c_round_interative/u_quarter_round/add_1[25]
    SLICE_X29Y42         LUT3 (Prop_lut3_I1_O)        0.303     1.488 r  u_salsa_hash_interative_wrapper/u_hash_interative_with_d_r_c/u_d_r_c_round_interative/u_quarter_round/add_20_carry_i_4/O
                         net (fo=1, routed)           0.000     1.488    u_salsa_hash_interative_wrapper/u_hash_interative_with_d_r_c/u_d_r_c_round_interative/u_quarter_round/add_20_carry_i_4_n_0
    SLICE_X29Y42         CARRY4 (Prop_carry4_S[0]_CO[3])
                                                      0.532     2.020 r  u_salsa_hash_interative_wrapper/u_hash_interative_with_d_r_c/u_d_r_c_round_interative/u_quarter_round/add_20_carry/CO[3]
                         net (fo=1, routed)           0.000     2.020    u_salsa_hash_interative_wrapper/u_hash_interative_with_d_r_c/u_d_r_c_round_interative/u_quarter_round/add_20_carry_n_0
    SLICE_X29Y43         CARRY4 (Prop_carry4_CI_CO[3])
                                                      0.114     2.134 r  u_salsa_hash_interative_wrapper/u_hash_interative_with_d_r_c/u_d_r_c_round_interative/u_quarter_round/add_20_carry__0/CO[3]
                         net (fo=1, routed)           0.000     2.134    u_salsa_hash_interative_wrapper/u_hash_interative_with_d_r_c/u_d_r_c_round_interative/u_quarter_round/add_20_carry__0_n_0
    SLICE_X29Y44         CARRY4 (Prop_carry4_CI_CO[3])
                                                      0.114     2.248 r  u_salsa_hash_interative_wrapper/u_hash_interative_with_d_r_c/u_d_r_c_round_interative/u_quarter_round/add_20_carry__1/CO[3]
                         net (fo=1, routed)           0.000     2.248    u_salsa_hash_interative_wrapper/u_hash_interative_with_d_r_c/u_d_r_c_round_interative/u_quarter_round/add_20_carry__1_n_0
    SLICE_X29Y45         CARRY4 (Prop_carry4_CI_CO[3])
                                                      0.114     2.362 r  u_salsa_hash_interative_wrapper/u_hash_interative_with_d_r_c/u_d_r_c_round_interative/u_quarter_round/add_20_carry__2/CO[3]
                         net (fo=1, routed)           0.000     2.362    u_salsa_hash_interative_wrapper/u_hash_interative_with_d_r_c/u_d_r_c_round_interative/u_quarter_round/add_20_carry__2_n_0
    SLICE_X29Y46         CARRY4 (Prop_carry4_CI_CO[3])
                                                      0.114     2.476 r  u_salsa_hash_interative_wrapper/u_hash_interative_with_d_r_c/u_d_r_c_round_interative/u_quarter_round/add_20_carry__3/CO[3]
                         net (fo=1, routed)           0.000     2.476    u_salsa_hash_interative_wrapper/u_hash_interative_with_d_r_c/u_d_r_c_round_interative/u_quarter_round/add_20_carry__3_n_0
    SLICE_X29Y47         CARRY4 (Prop_carry4_CI_CO[3])
                                                      0.114     2.590 r  u_salsa_hash_interative_wrapper/u_hash_interative_with_d_r_c/u_d_r_c_round_interative/u_quarter_round/add_20_carry__4/CO[3]
                         net (fo=1, routed)           0.000     2.590    u_salsa_hash_interative_wrapper/u_hash_interative_with_d_r_c/u_d_r_c_round_interative/u_quarter_round/add_20_carry__4_n_0
    SLICE_X29Y48         CARRY4 (Prop_carry4_CI_CO[3])
                                                      0.114     2.704 r  u_salsa_hash_interative_wrapper/u_hash_interative_with_d_r_c/u_d_r_c_round_interative/u_quarter_round/add_20_carry__5/CO[3]
                         net (fo=1, routed)           0.000     2.704    u_salsa_hash_interative_wrapper/u_hash_interative_with_d_r_c/u_d_r_c_round_interative/u_quarter_round/add_20_carry__5_n_0
    SLICE_X29Y49         CARRY4 (Prop_carry4_CI_O[0])
                                                      0.222     2.926 r  u_salsa_hash_interative_wrapper/u_hash_interative_with_d_r_c/u_d_r_c_round_interative/u_quarter_round/add_20_carry__6/O[0]
                         net (fo=4, routed)           0.934     3.860    u_salsa_hash_interative_wrapper/u_hash_interative_with_d_r_c/u_d_r_c_round_interative/u_quarter_round/add_2[28]
    SLICE_X31Y41         LUT4 (Prop_lut4_I1_O)        0.299     4.159 r  u_salsa_hash_interative_wrapper/u_hash_interative_with_d_r_c/u_d_r_c_round_interative/u_quarter_round/add_30_carry__0_i_7/O
                         net (fo=1, routed)           0.000     4.159    u_salsa_hash_interative_wrapper/u_hash_interative_with_d_r_c/u_d_r_c_round_interative/u_quarter_round/add_30_carry__0_i_7_n_0
    SLICE_X31Y41         CARRY4 (Prop_carry4_S[1]_CO[3])
                                                      0.550     4.709 r  u_salsa_hash_interative_wrapper/u_hash_interative_with_d_r_c/u_d_r_c_round_interative/u_quarter_round/add_30_carry__0/CO[3]
                         net (fo=1, routed)           0.000     4.709    u_salsa_hash_interative_wrapper/u_hash_interative_with_d_r_c/u_d_r_c_round_interative/u_quarter_round/add_30_carry__0_n_0
    SLICE_X31Y42         CARRY4 (Prop_carry4_CI_CO[3])
                                                      0.114     4.823 r  u_salsa_hash_interative_wrapper/u_hash_interative_with_d_r_c/u_d_r_c_round_interative/u_quarter_round/add_30_carry__1/CO[3]
                         net (fo=1, routed)           0.000     4.823    u_salsa_hash_interative_wrapper/u_hash_interative_with_d_r_c/u_d_r_c_round_interative/u_quarter_round/add_30_carry__1_n_0
    SLICE_X31Y43         CARRY4 (Prop_carry4_CI_CO[3])
                                                      0.114     4.937 r  u_salsa_hash_interative_wrapper/u_hash_interative_with_d_r_c/u_d_r_c_round_interative/u_quarter_round/add_30_carry__2/CO[3]
                         net (fo=1, routed)           0.000     4.937    u_salsa_hash_interative_wrapper/u_hash_interative_with_d_r_c/u_d_r_c_round_interative/u_quarter_round/add_30_carry__2_n_0
    SLICE_X31Y44         CARRY4 (Prop_carry4_CI_CO[3])
                                                      0.114     5.051 r  u_salsa_hash_interative_wrapper/u_hash_interative_with_d_r_c/u_d_r_c_round_interative/u_quarter_round/add_30_carry__3/CO[3]
                         net (fo=1, routed)           0.000     5.051    u_salsa_hash_interative_wrapper/u_hash_interative_with_d_r_c/u_d_r_c_round_interative/u_quarter_round/add_30_carry__3_n_0
    SLICE_X31Y45         CARRY4 (Prop_carry4_CI_CO[3])
                                                      0.114     5.165 r  u_salsa_hash_interative_wrapper/u_hash_interative_with_d_r_c/u_d_r_c_round_interative/u_quarter_round/add_30_carry__4/CO[3]
                         net (fo=1, routed)           0.000     5.165    u_salsa_hash_interative_wrapper/u_hash_interative_with_d_r_c/u_d_r_c_round_interative/u_quarter_round/add_30_carry__4_n_0
    SLICE_X31Y46         CARRY4 (Prop_carry4_CI_O[0])
                                                      0.222     5.387 r  u_salsa_hash_interative_wrapper/u_hash_interative_with_d_r_c/u_d_r_c_round_interative/u_quarter_round/add_30_carry__5/O[0]
                         net (fo=3, routed)           0.738     6.125    u_salsa_hash_interative_wrapper/u_hash_interative_with_d_r_c/u_d_r_c_round_interative/u_quarter_round/add_3[24]
    SLICE_X30Y43         LUT4 (Prop_lut4_I1_O)        0.299     6.424 r  u_salsa_hash_interative_wrapper/u_hash_interative_with_d_r_c/u_d_r_c_round_interative/u_quarter_round/add_40_carry__0_i_7/O
                         net (fo=1, routed)           0.000     6.424    u_salsa_hash_interative_wrapper/u_hash_interative_with_d_r_c/u_d_r_c_round_interative/u_quarter_round/add_40_carry__0_i_7_n_0
    SLICE_X30Y43         CARRY4 (Prop_carry4_S[1]_CO[3])
                                                      0.533     6.957 r  u_salsa_hash_interative_wrapper/u_hash_interative_with_d_r_c/u_d_r_c_round_interative/u_quarter_round/add_40_carry__0/CO[3]
                         net (fo=1, routed)           0.000     6.957    u_salsa_hash_interative_wrapper/u_hash_interative_with_d_r_c/u_d_r_c_round_interative/u_quarter_round/add_40_carry__0_n_0
    SLICE_X30Y44         CARRY4 (Prop_carry4_CI_CO[3])
                                                      0.117     7.074 r  u_salsa_hash_interative_wrapper/u_hash_interative_with_d_r_c/u_d_r_c_round_interative/u_quarter_round/add_40_carry__1/CO[3]
                         net (fo=1, routed)           0.000     7.074    u_salsa_hash_interative_wrapper/u_hash_interative_with_d_r_c/u_d_r_c_round_interative/u_quarter_round/add_40_carry__1_n_0
    SLICE_X30Y45         CARRY4 (Prop_carry4_CI_CO[3])
                                                      0.117     7.191 r  u_salsa_hash_interative_wrapper/u_hash_interative_with_d_r_c/u_d_r_c_round_interative/u_quarter_round/add_40_carry__2/CO[3]
                         net (fo=1, routed)           0.000     7.191    u_salsa_hash_interative_wrapper/u_hash_interative_with_d_r_c/u_d_r_c_round_interative/u_quarter_round/add_40_carry__2_n_0
    SLICE_X30Y46         CARRY4 (Prop_carry4_CI_CO[3])
                                                      0.117     7.308 r  u_salsa_hash_interative_wrapper/u_hash_interative_with_d_r_c/u_d_r_c_round_interative/u_quarter_round/add_40_carry__3/CO[3]
                         net (fo=1, routed)           0.000     7.308    u_salsa_hash_interative_wrapper/u_hash_interative_with_d_r_c/u_d_r_c_round_interative/u_quarter_round/add_40_carry__3_n_0
    SLICE_X30Y47         CARRY4 (Prop_carry4_CI_CO[3])
                                                      0.117     7.425 r  u_salsa_hash_interative_wrapper/u_hash_interative_with_d_r_c/u_d_r_c_round_interative/u_quarter_round/add_40_carry__4/CO[3]
                         net (fo=1, routed)           0.000     7.425    u_salsa_hash_interative_wrapper/u_hash_interative_with_d_r_c/u_d_r_c_round_interative/u_quarter_round/add_40_carry__4_n_0
    SLICE_X30Y48         CARRY4 (Prop_carry4_CI_O[1])
                                                      0.323     7.748 r  u_salsa_hash_interative_wrapper/u_hash_interative_with_d_r_c/u_d_r_c_round_interative/u_quarter_round/add_40_carry__5/O[1]
                         net (fo=1, routed)           0.713     8.460    u_salsa_hash_interative_wrapper/u_hash_interative_with_d_r_c/u_d_r_c_round_interative/u_quarter_round/add_4[25]
    SLICE_X15Y47         LUT2 (Prop_lut2_I0_O)        0.306     8.766 r  u_salsa_hash_interative_wrapper/u_hash_interative_with_d_r_c/u_d_r_c_round_interative/u_quarter_round/matrix_after_col[0][0][11]_i_1/O
                         net (fo=8, routed)           0.528     9.294    u_salsa_hash_interative_wrapper/u_hash_interative_with_d_r_c/u_d_r_c_round_interative/qr_0_out[11]
    SLICE_X15Y51         FDCE                                         r  u_salsa_hash_interative_wrapper/u_hash_interative_with_d_r_c/u_d_r_c_round_interative/matrix_after_row_reg[1][1][11]/D
  -------------------------------------------------------------------    -------------------

                         (clock salsa_top_80mhz_pll_clk rise edge)
                                                     12.500    12.500 r  
    W5                                                0.000    12.500 r  salsa_top_100mhz_clk (IN)
                         net (fo=0)                   0.000    12.500    salsa_top_xilinix_ip_pll/inst/clk_in1
    W5                   IBUF (Prop_ibuf_I_O)         1.388    13.888 r  salsa_top_xilinix_ip_pll/inst/clkin1_ibufg/O
                         net (fo=1, routed)           1.181    15.069    salsa_top_xilinix_ip_pll/inst/clk_in1_clk_wiz_0
    PLLE2_ADV_X1Y0       PLLE2_ADV (Prop_plle2_adv_CLKIN1_CLKOUT0)
                                                     -7.750     7.319 r  salsa_top_xilinix_ip_pll/inst/plle2_adv_inst/CLKOUT0
                         net (fo=1, routed)           1.576     8.896    salsa_top_xilinix_ip_pll/inst/clk_out1_clk_wiz_0
    BUFGCTRL_X0Y0        BUFG (Prop_bufg_I_O)         0.091     8.987 r  salsa_top_xilinix_ip_pll/inst/clkout1_buf/O
                         net (fo=7218, routed)        1.441    10.427    u_salsa_hash_interative_wrapper/u_hash_interative_with_d_r_c/u_d_r_c_round_interative/clk_out1
    SLICE_X15Y51         FDCE                                         r  u_salsa_hash_interative_wrapper/u_hash_interative_with_d_r_c/u_d_r_c_round_interative/matrix_after_row_reg[1][1][11]/C
                         clock pessimism             -0.505     9.922    
                         clock uncertainty           -0.147     9.775    
    SLICE_X15Y51         FDCE (Setup_fdce_C_D)       -0.047     9.728    u_salsa_hash_interative_wrapper/u_hash_interative_with_d_r_c/u_d_r_c_round_interative/matrix_after_row_reg[1][1][11]
  -------------------------------------------------------------------
                         required time                          9.728    
                         arrival time                          -9.294    
  -------------------------------------------------------------------
                         slack                                  0.434    

Slack (MET) :             0.482ns  (required time - arrival time)
  Source:                 u_salsa_hash_interative_wrapper/u_hash_interative_with_d_r_c/u_d_r_c_round_interative/qr_0_in_reg[0]/C
                            (rising edge-triggered cell FDCE clocked by salsa_top_80mhz_pll_clk  {rise@0.000ns fall@6.250ns period=12.500ns})
  Destination:            u_salsa_hash_interative_wrapper/u_hash_interative_with_d_r_c/u_d_r_c_round_interative/matrix_after_col_reg[2][2][15]/D
                            (rising edge-triggered cell FDCE clocked by salsa_top_80mhz_pll_clk  {rise@0.000ns fall@6.250ns period=12.500ns})
  Path Group:             salsa_top_80mhz_pll_clk
  Path Type:              Setup (Max at Slow Process Corner)
  Requirement:            12.500ns  (salsa_top_80mhz_pll_clk rise@12.500ns - salsa_top_80mhz_pll_clk rise@0.000ns)
  Data Path Delay:        11.824ns  (logic 7.330ns (61.991%)  route 4.494ns (38.009%))
  Logic Levels:           33  (CARRY4=28 LUT2=2 LUT3=1 LUT4=2)
  Clock Path Skew:        -0.033ns (DCD - SCD + CPR)
    Destination Clock Delay (DCD):    -2.063ns = ( 10.437 - 12.500 ) 
    Source Clock Delay      (SCD):    -2.456ns
    Clock Pessimism Removal (CPR):    -0.425ns
  Clock Uncertainty:      0.147ns  ((TSJ^2 + DJ^2)^1/2) / 2 + PE
    Total System Jitter     (TSJ):    0.071ns
    Discrete Jitter          (DJ):    0.286ns
    Phase Error              (PE):    0.000ns

    Location             Delay type                Incr(ns)  Path(ns)    Netlist Resource(s)
  -------------------------------------------------------------------    -------------------
                         (clock salsa_top_80mhz_pll_clk rise edge)
                                                      0.000     0.000 r  
    W5                                                0.000     0.000 r  salsa_top_100mhz_clk (IN)
                         net (fo=0)                   0.000     0.000    salsa_top_xilinix_ip_pll/inst/clk_in1
    W5                   IBUF (Prop_ibuf_I_O)         1.458     1.458 r  salsa_top_xilinix_ip_pll/inst/clkin1_ibufg/O
                         net (fo=1, routed)           1.253     2.711    salsa_top_xilinix_ip_pll/inst/clk_in1_clk_wiz_0
    PLLE2_ADV_X1Y0       PLLE2_ADV (Prop_plle2_adv_CLKIN1_CLKOUT0)
                                                     -8.482    -5.770 r  salsa_top_xilinix_ip_pll/inst/plle2_adv_inst/CLKOUT0
                         net (fo=1, routed)           1.655    -4.115    salsa_top_xilinix_ip_pll/inst/clk_out1_clk_wiz_0
    BUFGCTRL_X0Y0        BUFG (Prop_bufg_I_O)         0.096    -4.019 r  salsa_top_xilinix_ip_pll/inst/clkout1_buf/O
                         net (fo=7218, routed)        1.563    -2.456    u_salsa_hash_interative_wrapper/u_hash_interative_with_d_r_c/u_d_r_c_round_interative/clk_out1
    SLICE_X29Y38         FDCE                                         r  u_salsa_hash_interative_wrapper/u_hash_interative_with_d_r_c/u_d_r_c_round_interative/qr_0_in_reg[0]/C
  -------------------------------------------------------------------    -------------------
    SLICE_X29Y38         FDCE (Prop_fdce_C_Q)         0.456    -2.000 r  u_salsa_hash_interative_wrapper/u_hash_interative_with_d_r_c/u_d_r_c_round_interative/qr_0_in_reg[0]/Q
                         net (fo=5, routed)           0.765    -1.234    u_salsa_hash_interative_wrapper/u_hash_interative_with_d_r_c/u_d_r_c_round_interative/u_quarter_round/Q[0]
    SLICE_X28Y41         LUT2 (Prop_lut2_I0_O)        0.124    -1.110 r  u_salsa_hash_interative_wrapper/u_hash_interative_with_d_r_c/u_d_r_c_round_interative/u_quarter_round/add_10_carry_i_4/O
                         net (fo=1, routed)           0.000    -1.110    u_salsa_hash_interative_wrapper/u_hash_interative_with_d_r_c/u_d_r_c_round_interative/u_quarter_round/add_10_carry_i_4_n_0
    SLICE_X28Y41         CARRY4 (Prop_carry4_S[0]_CO[3])
                                                      0.532    -0.578 r  u_salsa_hash_interative_wrapper/u_hash_interative_with_d_r_c/u_d_r_c_round_interative/u_quarter_round/add_10_carry/CO[3]
                         net (fo=1, routed)           0.000    -0.578    u_salsa_hash_interative_wrapper/u_hash_interative_with_d_r_c/u_d_r_c_round_interative/u_quarter_round/add_10_carry_n_0
    SLICE_X28Y42         CARRY4 (Prop_carry4_CI_CO[3])
                                                      0.114    -0.464 r  u_salsa_hash_interative_wrapper/u_hash_interative_with_d_r_c/u_d_r_c_round_interative/u_quarter_round/add_10_carry__0/CO[3]
                         net (fo=1, routed)           0.000    -0.464    u_salsa_hash_interative_wrapper/u_hash_interative_with_d_r_c/u_d_r_c_round_interative/u_quarter_round/add_10_carry__0_n_0
    SLICE_X28Y43         CARRY4 (Prop_carry4_CI_CO[3])
                                                      0.114    -0.350 r  u_salsa_hash_interative_wrapper/u_hash_interative_with_d_r_c/u_d_r_c_round_interative/u_quarter_round/add_10_carry__1/CO[3]
                         net (fo=1, routed)           0.000    -0.350    u_salsa_hash_interative_wrapper/u_hash_interative_with_d_r_c/u_d_r_c_round_interative/u_quarter_round/add_10_carry__1_n_0
    SLICE_X28Y44         CARRY4 (Prop_carry4_CI_CO[3])
                                                      0.114    -0.236 r  u_salsa_hash_interative_wrapper/u_hash_interative_with_d_r_c/u_d_r_c_round_interative/u_quarter_round/add_10_carry__2/CO[3]
                         net (fo=1, routed)           0.000    -0.236    u_salsa_hash_interative_wrapper/u_hash_interative_with_d_r_c/u_d_r_c_round_interative/u_quarter_round/add_10_carry__2_n_0
    SLICE_X28Y45         CARRY4 (Prop_carry4_CI_CO[3])
                                                      0.114    -0.122 r  u_salsa_hash_interative_wrapper/u_hash_interative_with_d_r_c/u_d_r_c_round_interative/u_quarter_round/add_10_carry__3/CO[3]
                         net (fo=1, routed)           0.000    -0.122    u_salsa_hash_interative_wrapper/u_hash_interative_with_d_r_c/u_d_r_c_round_interative/u_quarter_round/add_10_carry__3_n_0
    SLICE_X28Y46         CARRY4 (Prop_carry4_CI_CO[3])
                                                      0.114    -0.008 r  u_salsa_hash_interative_wrapper/u_hash_interative_with_d_r_c/u_d_r_c_round_interative/u_quarter_round/add_10_carry__4/CO[3]
                         net (fo=1, routed)           0.000    -0.008    u_salsa_hash_interative_wrapper/u_hash_interative_with_d_r_c/u_d_r_c_round_interative/u_quarter_round/add_10_carry__4_n_0
    SLICE_X28Y47         CARRY4 (Prop_carry4_CI_O[1])
                                                      0.334     0.326 r  u_salsa_hash_interative_wrapper/u_hash_interative_with_d_r_c/u_d_r_c_round_interative/u_quarter_round/add_10_carry__5/O[1]
                         net (fo=3, routed)           0.859     1.185    u_salsa_hash_interative_wrapper/u_hash_interative_with_d_r_c/u_d_r_c_round_interative/u_quarter_round/add_1[25]
    SLICE_X29Y42         LUT3 (Prop_lut3_I1_O)        0.303     1.488 r  u_salsa_hash_interative_wrapper/u_hash_interative_with_d_r_c/u_d_r_c_round_interative/u_quarter_round/add_20_carry_i_4/O
                         net (fo=1, routed)           0.000     1.488    u_salsa_hash_interative_wrapper/u_hash_interative_with_d_r_c/u_d_r_c_round_interative/u_quarter_round/add_20_carry_i_4_n_0
    SLICE_X29Y42         CARRY4 (Prop_carry4_S[0]_CO[3])
                                                      0.532     2.020 r  u_salsa_hash_interative_wrapper/u_hash_interative_with_d_r_c/u_d_r_c_round_interative/u_quarter_round/add_20_carry/CO[3]
                         net (fo=1, routed)           0.000     2.020    u_salsa_hash_interative_wrapper/u_hash_interative_with_d_r_c/u_d_r_c_round_interative/u_quarter_round/add_20_carry_n_0
    SLICE_X29Y43         CARRY4 (Prop_carry4_CI_CO[3])
                                                      0.114     2.134 r  u_salsa_hash_interative_wrapper/u_hash_interative_with_d_r_c/u_d_r_c_round_interative/u_quarter_round/add_20_carry__0/CO[3]
                         net (fo=1, routed)           0.000     2.134    u_salsa_hash_interative_wrapper/u_hash_interative_with_d_r_c/u_d_r_c_round_interative/u_quarter_round/add_20_carry__0_n_0
    SLICE_X29Y44         CARRY4 (Prop_carry4_CI_CO[3])
                                                      0.114     2.248 r  u_salsa_hash_interative_wrapper/u_hash_interative_with_d_r_c/u_d_r_c_round_interative/u_quarter_round/add_20_carry__1/CO[3]
                         net (fo=1, routed)           0.000     2.248    u_salsa_hash_interative_wrapper/u_hash_interative_with_d_r_c/u_d_r_c_round_interative/u_quarter_round/add_20_carry__1_n_0
    SLICE_X29Y45         CARRY4 (Prop_carry4_CI_CO[3])
                                                      0.114     2.362 r  u_salsa_hash_interative_wrapper/u_hash_interative_with_d_r_c/u_d_r_c_round_interative/u_quarter_round/add_20_carry__2/CO[3]
                         net (fo=1, routed)           0.000     2.362    u_salsa_hash_interative_wrapper/u_hash_interative_with_d_r_c/u_d_r_c_round_interative/u_quarter_round/add_20_carry__2_n_0
    SLICE_X29Y46         CARRY4 (Prop_carry4_CI_CO[3])
                                                      0.114     2.476 r  u_salsa_hash_interative_wrapper/u_hash_interative_with_d_r_c/u_d_r_c_round_interative/u_quarter_round/add_20_carry__3/CO[3]
                         net (fo=1, routed)           0.000     2.476    u_salsa_hash_interative_wrapper/u_hash_interative_with_d_r_c/u_d_r_c_round_interative/u_quarter_round/add_20_carry__3_n_0
    SLICE_X29Y47         CARRY4 (Prop_carry4_CI_CO[3])
                                                      0.114     2.590 r  u_salsa_hash_interative_wrapper/u_hash_interative_with_d_r_c/u_d_r_c_round_interative/u_quarter_round/add_20_carry__4/CO[3]
                         net (fo=1, routed)           0.000     2.590    u_salsa_hash_interative_wrapper/u_hash_interative_with_d_r_c/u_d_r_c_round_interative/u_quarter_round/add_20_carry__4_n_0
    SLICE_X29Y48         CARRY4 (Prop_carry4_CI_CO[3])
                                                      0.114     2.704 r  u_salsa_hash_interative_wrapper/u_hash_interative_with_d_r_c/u_d_r_c_round_interative/u_quarter_round/add_20_carry__5/CO[3]
                         net (fo=1, routed)           0.000     2.704    u_salsa_hash_interative_wrapper/u_hash_interative_with_d_r_c/u_d_r_c_round_interative/u_quarter_round/add_20_carry__5_n_0
    SLICE_X29Y49         CARRY4 (Prop_carry4_CI_O[0])
                                                      0.222     2.926 r  u_salsa_hash_interative_wrapper/u_hash_interative_with_d_r_c/u_d_r_c_round_interative/u_quarter_round/add_20_carry__6/O[0]
                         net (fo=4, routed)           0.934     3.860    u_salsa_hash_interative_wrapper/u_hash_interative_with_d_r_c/u_d_r_c_round_interative/u_quarter_round/add_2[28]
    SLICE_X31Y41         LUT4 (Prop_lut4_I1_O)        0.299     4.159 r  u_salsa_hash_interative_wrapper/u_hash_interative_with_d_r_c/u_d_r_c_round_interative/u_quarter_round/add_30_carry__0_i_7/O
                         net (fo=1, routed)           0.000     4.159    u_salsa_hash_interative_wrapper/u_hash_interative_with_d_r_c/u_d_r_c_round_interative/u_quarter_round/add_30_carry__0_i_7_n_0
    SLICE_X31Y41         CARRY4 (Prop_carry4_S[1]_CO[3])
                                                      0.550     4.709 r  u_salsa_hash_interative_wrapper/u_hash_interative_with_d_r_c/u_d_r_c_round_interative/u_quarter_round/add_30_carry__0/CO[3]
                         net (fo=1, routed)           0.000     4.709    u_salsa_hash_interative_wrapper/u_hash_interative_with_d_r_c/u_d_r_c_round_interative/u_quarter_round/add_30_carry__0_n_0
    SLICE_X31Y42         CARRY4 (Prop_carry4_CI_CO[3])
                                                      0.114     4.823 r  u_salsa_hash_interative_wrapper/u_hash_interative_with_d_r_c/u_d_r_c_round_interative/u_quarter_round/add_30_carry__1/CO[3]
                         net (fo=1, routed)           0.000     4.823    u_salsa_hash_interative_wrapper/u_hash_interative_with_d_r_c/u_d_r_c_round_interative/u_quarter_round/add_30_carry__1_n_0
    SLICE_X31Y43         CARRY4 (Prop_carry4_CI_CO[3])
                                                      0.114     4.937 r  u_salsa_hash_interative_wrapper/u_hash_interative_with_d_r_c/u_d_r_c_round_interative/u_quarter_round/add_30_carry__2/CO[3]
                         net (fo=1, routed)           0.000     4.937    u_salsa_hash_interative_wrapper/u_hash_interative_with_d_r_c/u_d_r_c_round_interative/u_quarter_round/add_30_carry__2_n_0
    SLICE_X31Y44         CARRY4 (Prop_carry4_CI_CO[3])
                                                      0.114     5.051 r  u_salsa_hash_interative_wrapper/u_hash_interative_with_d_r_c/u_d_r_c_round_interative/u_quarter_round/add_30_carry__3/CO[3]
                         net (fo=1, routed)           0.000     5.051    u_salsa_hash_interative_wrapper/u_hash_interative_with_d_r_c/u_d_r_c_round_interative/u_quarter_round/add_30_carry__3_n_0
    SLICE_X31Y45         CARRY4 (Prop_carry4_CI_CO[3])
                                                      0.114     5.165 r  u_salsa_hash_interative_wrapper/u_hash_interative_with_d_r_c/u_d_r_c_round_interative/u_quarter_round/add_30_carry__4/CO[3]
                         net (fo=1, routed)           0.000     5.165    u_salsa_hash_interative_wrapper/u_hash_interative_with_d_r_c/u_d_r_c_round_interative/u_quarter_round/add_30_carry__4_n_0
    SLICE_X31Y46         CARRY4 (Prop_carry4_CI_O[0])
                                                      0.222     5.387 r  u_salsa_hash_interative_wrapper/u_hash_interative_with_d_r_c/u_d_r_c_round_interative/u_quarter_round/add_30_carry__5/O[0]
                         net (fo=3, routed)           0.738     6.125    u_salsa_hash_interative_wrapper/u_hash_interative_with_d_r_c/u_d_r_c_round_interative/u_quarter_round/add_3[24]
    SLICE_X30Y43         LUT4 (Prop_lut4_I1_O)        0.299     6.424 r  u_salsa_hash_interative_wrapper/u_hash_interative_with_d_r_c/u_d_r_c_round_interative/u_quarter_round/add_40_carry__0_i_7/O
                         net (fo=1, routed)           0.000     6.424    u_salsa_hash_interative_wrapper/u_hash_interative_with_d_r_c/u_d_r_c_round_interative/u_quarter_round/add_40_carry__0_i_7_n_0
    SLICE_X30Y43         CARRY4 (Prop_carry4_S[1]_CO[3])
                                                      0.533     6.957 r  u_salsa_hash_interative_wrapper/u_hash_interative_with_d_r_c/u_d_r_c_round_interative/u_quarter_round/add_40_carry__0/CO[3]
                         net (fo=1, routed)           0.000     6.957    u_salsa_hash_interative_wrapper/u_hash_interative_with_d_r_c/u_d_r_c_round_interative/u_quarter_round/add_40_carry__0_n_0
    SLICE_X30Y44         CARRY4 (Prop_carry4_CI_CO[3])
                                                      0.117     7.074 r  u_salsa_hash_interative_wrapper/u_hash_interative_with_d_r_c/u_d_r_c_round_interative/u_quarter_round/add_40_carry__1/CO[3]
                         net (fo=1, routed)           0.000     7.074    u_salsa_hash_interative_wrapper/u_hash_interative_with_d_r_c/u_d_r_c_round_interative/u_quarter_round/add_40_carry__1_n_0
    SLICE_X30Y45         CARRY4 (Prop_carry4_CI_CO[3])
                                                      0.117     7.191 r  u_salsa_hash_interative_wrapper/u_hash_interative_with_d_r_c/u_d_r_c_round_interative/u_quarter_round/add_40_carry__2/CO[3]
                         net (fo=1, routed)           0.000     7.191    u_salsa_hash_interative_wrapper/u_hash_interative_with_d_r_c/u_d_r_c_round_interative/u_quarter_round/add_40_carry__2_n_0
    SLICE_X30Y46         CARRY4 (Prop_carry4_CI_CO[3])
                                                      0.117     7.308 r  u_salsa_hash_interative_wrapper/u_hash_interative_with_d_r_c/u_d_r_c_round_interative/u_quarter_round/add_40_carry__3/CO[3]
                         net (fo=1, routed)           0.000     7.308    u_salsa_hash_interative_wrapper/u_hash_interative_with_d_r_c/u_d_r_c_round_interative/u_quarter_round/add_40_carry__3_n_0
    SLICE_X30Y47         CARRY4 (Prop_carry4_CI_CO[3])
                                                      0.117     7.425 r  u_salsa_hash_interative_wrapper/u_hash_interative_with_d_r_c/u_d_r_c_round_interative/u_quarter_round/add_40_carry__4/CO[3]
                         net (fo=1, routed)           0.000     7.425    u_salsa_hash_interative_wrapper/u_hash_interative_with_d_r_c/u_d_r_c_round_interative/u_quarter_round/add_40_carry__4_n_0
    SLICE_X30Y48         CARRY4 (Prop_carry4_CI_CO[3])
                                                      0.117     7.542 r  u_salsa_hash_interative_wrapper/u_hash_interative_with_d_r_c/u_d_r_c_round_interative/u_quarter_round/add_40_carry__5/CO[3]
                         net (fo=1, routed)           0.000     7.542    u_salsa_hash_interative_wrapper/u_hash_interative_with_d_r_c/u_d_r_c_round_interative/u_quarter_round/add_40_carry__5_n_0
    SLICE_X30Y49         CARRY4 (Prop_carry4_CI_O[1])
                                                      0.323     7.865 r  u_salsa_hash_interative_wrapper/u_hash_interative_with_d_r_c/u_d_r_c_round_interative/u_quarter_round/add_40_carry__6/O[1]
                         net (fo=1, routed)           0.682     8.547    u_salsa_hash_interative_wrapper/u_hash_interative_with_d_r_c/u_d_r_c_round_interative/u_quarter_round/add_4[29]
    SLICE_X15Y49         LUT2 (Prop_lut2_I0_O)        0.306     8.853 r  u_salsa_hash_interative_wrapper/u_hash_interative_with_d_r_c/u_d_r_c_round_interative/u_quarter_round/matrix_after_col[0][0][15]_i_1/O
                         net (fo=8, routed)           0.516     9.369    u_salsa_hash_interative_wrapper/u_hash_interative_with_d_r_c/u_d_r_c_round_interative/qr_0_out[15]
    SLICE_X14Y46         FDCE                                         r  u_salsa_hash_interative_wrapper/u_hash_interative_with_d_r_c/u_d_r_c_round_interative/matrix_after_col_reg[2][2][15]/D
  -------------------------------------------------------------------    -------------------

                         (clock salsa_top_80mhz_pll_clk rise edge)
                                                     12.500    12.500 r  
    W5                                                0.000    12.500 r  salsa_top_100mhz_clk (IN)
                         net (fo=0)                   0.000    12.500    salsa_top_xilinix_ip_pll/inst/clk_in1
    W5                   IBUF (Prop_ibuf_I_O)         1.388    13.888 r  salsa_top_xilinix_ip_pll/inst/clkin1_ibufg/O
                         net (fo=1, routed)           1.181    15.069    salsa_top_xilinix_ip_pll/inst/clk_in1_clk_wiz_0
    PLLE2_ADV_X1Y0       PLLE2_ADV (Prop_plle2_adv_CLKIN1_CLKOUT0)
                                                     -7.750     7.319 r  salsa_top_xilinix_ip_pll/inst/plle2_adv_inst/CLKOUT0
                         net (fo=1, routed)           1.576     8.896    salsa_top_xilinix_ip_pll/inst/clk_out1_clk_wiz_0
    BUFGCTRL_X0Y0        BUFG (Prop_bufg_I_O)         0.091     8.987 r  salsa_top_xilinix_ip_pll/inst/clkout1_buf/O
                         net (fo=7218, routed)        1.450    10.437    u_salsa_hash_interative_wrapper/u_hash_interative_with_d_r_c/u_d_r_c_round_interative/clk_out1
    SLICE_X14Y46         FDCE                                         r  u_salsa_hash_interative_wrapper/u_hash_interative_with_d_r_c/u_d_r_c_round_interative/matrix_after_col_reg[2][2][15]/C
                         clock pessimism             -0.425    10.011    
                         clock uncertainty           -0.147     9.864    
    SLICE_X14Y46         FDCE (Setup_fdce_C_D)       -0.013     9.851    u_salsa_hash_interative_wrapper/u_hash_interative_with_d_r_c/u_d_r_c_round_interative/matrix_after_col_reg[2][2][15]
  -------------------------------------------------------------------
                         required time                          9.851    
                         arrival time                          -9.369    
  -------------------------------------------------------------------
                         slack                                  0.482    

Slack (MET) :             0.504ns  (required time - arrival time)
  Source:                 u_salsa_hash_interative_wrapper/u_hash_interative_with_d_r_c/u_d_r_c_round_interative/qr_0_in_reg[0]/C
                            (rising edge-triggered cell FDCE clocked by salsa_top_80mhz_pll_clk  {rise@0.000ns fall@6.250ns period=12.500ns})
  Destination:            u_salsa_hash_interative_wrapper/u_hash_interative_with_d_r_c/u_d_r_c_round_interative/matrix_after_row_reg[3][3][16]/D
                            (rising edge-triggered cell FDCE clocked by salsa_top_80mhz_pll_clk  {rise@0.000ns fall@6.250ns period=12.500ns})
  Path Group:             salsa_top_80mhz_pll_clk
  Path Type:              Setup (Max at Slow Process Corner)
  Requirement:            12.500ns  (salsa_top_80mhz_pll_clk rise@12.500ns - salsa_top_80mhz_pll_clk rise@0.000ns)
  Data Path Delay:        11.660ns  (logic 7.241ns (62.100%)  route 4.419ns (37.900%))
  Logic Levels:           33  (CARRY4=28 LUT2=2 LUT3=1 LUT4=2)
  Clock Path Skew:        -0.128ns (DCD - SCD + CPR)
    Destination Clock Delay (DCD):    -2.078ns = ( 10.422 - 12.500 ) 
    Source Clock Delay      (SCD):    -2.456ns
    Clock Pessimism Removal (CPR):    -0.505ns
  Clock Uncertainty:      0.147ns  ((TSJ^2 + DJ^2)^1/2) / 2 + PE
    Total System Jitter     (TSJ):    0.071ns
    Discrete Jitter          (DJ):    0.286ns
    Phase Error              (PE):    0.000ns

    Location             Delay type                Incr(ns)  Path(ns)    Netlist Resource(s)
  -------------------------------------------------------------------    -------------------
                         (clock salsa_top_80mhz_pll_clk rise edge)
                                                      0.000     0.000 r  
    W5                                                0.000     0.000 r  salsa_top_100mhz_clk (IN)
                         net (fo=0)                   0.000     0.000    salsa_top_xilinix_ip_pll/inst/clk_in1
    W5                   IBUF (Prop_ibuf_I_O)         1.458     1.458 r  salsa_top_xilinix_ip_pll/inst/clkin1_ibufg/O
                         net (fo=1, routed)           1.253     2.711    salsa_top_xilinix_ip_pll/inst/clk_in1_clk_wiz_0
    PLLE2_ADV_X1Y0       PLLE2_ADV (Prop_plle2_adv_CLKIN1_CLKOUT0)
                                                     -8.482    -5.770 r  salsa_top_xilinix_ip_pll/inst/plle2_adv_inst/CLKOUT0
                         net (fo=1, routed)           1.655    -4.115    salsa_top_xilinix_ip_pll/inst/clk_out1_clk_wiz_0
    BUFGCTRL_X0Y0        BUFG (Prop_bufg_I_O)         0.096    -4.019 r  salsa_top_xilinix_ip_pll/inst/clkout1_buf/O
                         net (fo=7218, routed)        1.563    -2.456    u_salsa_hash_interative_wrapper/u_hash_interative_with_d_r_c/u_d_r_c_round_interative/clk_out1
    SLICE_X29Y38         FDCE                                         r  u_salsa_hash_interative_wrapper/u_hash_interative_with_d_r_c/u_d_r_c_round_interative/qr_0_in_reg[0]/C
  -------------------------------------------------------------------    -------------------
    SLICE_X29Y38         FDCE (Prop_fdce_C_Q)         0.456    -2.000 r  u_salsa_hash_interative_wrapper/u_hash_interative_with_d_r_c/u_d_r_c_round_interative/qr_0_in_reg[0]/Q
                         net (fo=5, routed)           0.765    -1.234    u_salsa_hash_interative_wrapper/u_hash_interative_with_d_r_c/u_d_r_c_round_interative/u_quarter_round/Q[0]
    SLICE_X28Y41         LUT2 (Prop_lut2_I0_O)        0.124    -1.110 r  u_salsa_hash_interative_wrapper/u_hash_interative_with_d_r_c/u_d_r_c_round_interative/u_quarter_round/add_10_carry_i_4/O
                         net (fo=1, routed)           0.000    -1.110    u_salsa_hash_interative_wrapper/u_hash_interative_with_d_r_c/u_d_r_c_round_interative/u_quarter_round/add_10_carry_i_4_n_0
    SLICE_X28Y41         CARRY4 (Prop_carry4_S[0]_CO[3])
                                                      0.532    -0.578 r  u_salsa_hash_interative_wrapper/u_hash_interative_with_d_r_c/u_d_r_c_round_interative/u_quarter_round/add_10_carry/CO[3]
                         net (fo=1, routed)           0.000    -0.578    u_salsa_hash_interative_wrapper/u_hash_interative_with_d_r_c/u_d_r_c_round_interative/u_quarter_round/add_10_carry_n_0
    SLICE_X28Y42         CARRY4 (Prop_carry4_CI_CO[3])
                                                      0.114    -0.464 r  u_salsa_hash_interative_wrapper/u_hash_interative_with_d_r_c/u_d_r_c_round_interative/u_quarter_round/add_10_carry__0/CO[3]
                         net (fo=1, routed)           0.000    -0.464    u_salsa_hash_interative_wrapper/u_hash_interative_with_d_r_c/u_d_r_c_round_interative/u_quarter_round/add_10_carry__0_n_0
    SLICE_X28Y43         CARRY4 (Prop_carry4_CI_CO[3])
                                                      0.114    -0.350 r  u_salsa_hash_interative_wrapper/u_hash_interative_with_d_r_c/u_d_r_c_round_interative/u_quarter_round/add_10_carry__1/CO[3]
                         net (fo=1, routed)           0.000    -0.350    u_salsa_hash_interative_wrapper/u_hash_interative_with_d_r_c/u_d_r_c_round_interative/u_quarter_round/add_10_carry__1_n_0
    SLICE_X28Y44         CARRY4 (Prop_carry4_CI_CO[3])
                                                      0.114    -0.236 r  u_salsa_hash_interative_wrapper/u_hash_interative_with_d_r_c/u_d_r_c_round_interative/u_quarter_round/add_10_carry__2/CO[3]
                         net (fo=1, routed)           0.000    -0.236    u_salsa_hash_interative_wrapper/u_hash_interative_with_d_r_c/u_d_r_c_round_interative/u_quarter_round/add_10_carry__2_n_0
    SLICE_X28Y45         CARRY4 (Prop_carry4_CI_CO[3])
                                                      0.114    -0.122 r  u_salsa_hash_interative_wrapper/u_hash_interative_with_d_r_c/u_d_r_c_round_interative/u_quarter_round/add_10_carry__3/CO[3]
                         net (fo=1, routed)           0.000    -0.122    u_salsa_hash_interative_wrapper/u_hash_interative_with_d_r_c/u_d_r_c_round_interative/u_quarter_round/add_10_carry__3_n_0
    SLICE_X28Y46         CARRY4 (Prop_carry4_CI_CO[3])
                                                      0.114    -0.008 r  u_salsa_hash_interative_wrapper/u_hash_interative_with_d_r_c/u_d_r_c_round_interative/u_quarter_round/add_10_carry__4/CO[3]
                         net (fo=1, routed)           0.000    -0.008    u_salsa_hash_interative_wrapper/u_hash_interative_with_d_r_c/u_d_r_c_round_interative/u_quarter_round/add_10_carry__4_n_0
    SLICE_X28Y47         CARRY4 (Prop_carry4_CI_O[1])
                                                      0.334     0.326 r  u_salsa_hash_interative_wrapper/u_hash_interative_with_d_r_c/u_d_r_c_round_interative/u_quarter_round/add_10_carry__5/O[1]
                         net (fo=3, routed)           0.859     1.185    u_salsa_hash_interative_wrapper/u_hash_interative_with_d_r_c/u_d_r_c_round_interative/u_quarter_round/add_1[25]
    SLICE_X29Y42         LUT3 (Prop_lut3_I1_O)        0.303     1.488 r  u_salsa_hash_interative_wrapper/u_hash_interative_with_d_r_c/u_d_r_c_round_interative/u_quarter_round/add_20_carry_i_4/O
                         net (fo=1, routed)           0.000     1.488    u_salsa_hash_interative_wrapper/u_hash_interative_with_d_r_c/u_d_r_c_round_interative/u_quarter_round/add_20_carry_i_4_n_0
    SLICE_X29Y42         CARRY4 (Prop_carry4_S[0]_CO[3])
                                                      0.532     2.020 r  u_salsa_hash_interative_wrapper/u_hash_interative_with_d_r_c/u_d_r_c_round_interative/u_quarter_round/add_20_carry/CO[3]
                         net (fo=1, routed)           0.000     2.020    u_salsa_hash_interative_wrapper/u_hash_interative_with_d_r_c/u_d_r_c_round_interative/u_quarter_round/add_20_carry_n_0
    SLICE_X29Y43         CARRY4 (Prop_carry4_CI_CO[3])
                                                      0.114     2.134 r  u_salsa_hash_interative_wrapper/u_hash_interative_with_d_r_c/u_d_r_c_round_interative/u_quarter_round/add_20_carry__0/CO[3]
                         net (fo=1, routed)           0.000     2.134    u_salsa_hash_interative_wrapper/u_hash_interative_with_d_r_c/u_d_r_c_round_interative/u_quarter_round/add_20_carry__0_n_0
    SLICE_X29Y44         CARRY4 (Prop_carry4_CI_CO[3])
                                                      0.114     2.248 r  u_salsa_hash_interative_wrapper/u_hash_interative_with_d_r_c/u_d_r_c_round_interative/u_quarter_round/add_20_carry__1/CO[3]
                         net (fo=1, routed)           0.000     2.248    u_salsa_hash_interative_wrapper/u_hash_interative_with_d_r_c/u_d_r_c_round_interative/u_quarter_round/add_20_carry__1_n_0
    SLICE_X29Y45         CARRY4 (Prop_carry4_CI_CO[3])
                                                      0.114     2.362 r  u_salsa_hash_interative_wrapper/u_hash_interative_with_d_r_c/u_d_r_c_round_interative/u_quarter_round/add_20_carry__2/CO[3]
                         net (fo=1, routed)           0.000     2.362    u_salsa_hash_interative_wrapper/u_hash_interative_with_d_r_c/u_d_r_c_round_interative/u_quarter_round/add_20_carry__2_n_0
    SLICE_X29Y46         CARRY4 (Prop_carry4_CI_CO[3])
                                                      0.114     2.476 r  u_salsa_hash_interative_wrapper/u_hash_interative_with_d_r_c/u_d_r_c_round_interative/u_quarter_round/add_20_carry__3/CO[3]
                         net (fo=1, routed)           0.000     2.476    u_salsa_hash_interative_wrapper/u_hash_interative_with_d_r_c/u_d_r_c_round_interative/u_quarter_round/add_20_carry__3_n_0
    SLICE_X29Y47         CARRY4 (Prop_carry4_CI_CO[3])
                                                      0.114     2.590 r  u_salsa_hash_interative_wrapper/u_hash_interative_with_d_r_c/u_d_r_c_round_interative/u_quarter_round/add_20_carry__4/CO[3]
                         net (fo=1, routed)           0.000     2.590    u_salsa_hash_interative_wrapper/u_hash_interative_with_d_r_c/u_d_r_c_round_interative/u_quarter_round/add_20_carry__4_n_0
    SLICE_X29Y48         CARRY4 (Prop_carry4_CI_CO[3])
                                                      0.114     2.704 r  u_salsa_hash_interative_wrapper/u_hash_interative_with_d_r_c/u_d_r_c_round_interative/u_quarter_round/add_20_carry__5/CO[3]
                         net (fo=1, routed)           0.000     2.704    u_salsa_hash_interative_wrapper/u_hash_interative_with_d_r_c/u_d_r_c_round_interative/u_quarter_round/add_20_carry__5_n_0
    SLICE_X29Y49         CARRY4 (Prop_carry4_CI_O[0])
                                                      0.222     2.926 r  u_salsa_hash_interative_wrapper/u_hash_interative_with_d_r_c/u_d_r_c_round_interative/u_quarter_round/add_20_carry__6/O[0]
                         net (fo=4, routed)           0.934     3.860    u_salsa_hash_interative_wrapper/u_hash_interative_with_d_r_c/u_d_r_c_round_interative/u_quarter_round/add_2[28]
    SLICE_X31Y41         LUT4 (Prop_lut4_I1_O)        0.299     4.159 r  u_salsa_hash_interative_wrapper/u_hash_interative_with_d_r_c/u_d_r_c_round_interative/u_quarter_round/add_30_carry__0_i_7/O
                         net (fo=1, routed)           0.000     4.159    u_salsa_hash_interative_wrapper/u_hash_interative_with_d_r_c/u_d_r_c_round_interative/u_quarter_round/add_30_carry__0_i_7_n_0
    SLICE_X31Y41         CARRY4 (Prop_carry4_S[1]_CO[3])
                                                      0.550     4.709 r  u_salsa_hash_interative_wrapper/u_hash_interative_with_d_r_c/u_d_r_c_round_interative/u_quarter_round/add_30_carry__0/CO[3]
                         net (fo=1, routed)           0.000     4.709    u_salsa_hash_interative_wrapper/u_hash_interative_with_d_r_c/u_d_r_c_round_interative/u_quarter_round/add_30_carry__0_n_0
    SLICE_X31Y42         CARRY4 (Prop_carry4_CI_CO[3])
                                                      0.114     4.823 r  u_salsa_hash_interative_wrapper/u_hash_interative_with_d_r_c/u_d_r_c_round_interative/u_quarter_round/add_30_carry__1/CO[3]
                         net (fo=1, routed)           0.000     4.823    u_salsa_hash_interative_wrapper/u_hash_interative_with_d_r_c/u_d_r_c_round_interative/u_quarter_round/add_30_carry__1_n_0
    SLICE_X31Y43         CARRY4 (Prop_carry4_CI_CO[3])
                                                      0.114     4.937 r  u_salsa_hash_interative_wrapper/u_hash_interative_with_d_r_c/u_d_r_c_round_interative/u_quarter_round/add_30_carry__2/CO[3]
                         net (fo=1, routed)           0.000     4.937    u_salsa_hash_interative_wrapper/u_hash_interative_with_d_r_c/u_d_r_c_round_interative/u_quarter_round/add_30_carry__2_n_0
    SLICE_X31Y44         CARRY4 (Prop_carry4_CI_CO[3])
                                                      0.114     5.051 r  u_salsa_hash_interative_wrapper/u_hash_interative_with_d_r_c/u_d_r_c_round_interative/u_quarter_round/add_30_carry__3/CO[3]
                         net (fo=1, routed)           0.000     5.051    u_salsa_hash_interative_wrapper/u_hash_interative_with_d_r_c/u_d_r_c_round_interative/u_quarter_round/add_30_carry__3_n_0
    SLICE_X31Y45         CARRY4 (Prop_carry4_CI_CO[3])
                                                      0.114     5.165 r  u_salsa_hash_interative_wrapper/u_hash_interative_with_d_r_c/u_d_r_c_round_interative/u_quarter_round/add_30_carry__4/CO[3]
                         net (fo=1, routed)           0.000     5.165    u_salsa_hash_interative_wrapper/u_hash_interative_with_d_r_c/u_d_r_c_round_interative/u_quarter_round/add_30_carry__4_n_0
    SLICE_X31Y46         CARRY4 (Prop_carry4_CI_O[0])
                                                      0.222     5.387 r  u_salsa_hash_interative_wrapper/u_hash_interative_with_d_r_c/u_d_r_c_round_interative/u_quarter_round/add_30_carry__5/O[0]
                         net (fo=3, routed)           0.738     6.125    u_salsa_hash_interative_wrapper/u_hash_interative_with_d_r_c/u_d_r_c_round_interative/u_quarter_round/add_3[24]
    SLICE_X30Y43         LUT4 (Prop_lut4_I1_O)        0.299     6.424 r  u_salsa_hash_interative_wrapper/u_hash_interative_with_d_r_c/u_d_r_c_round_interative/u_quarter_round/add_40_carry__0_i_7/O
                         net (fo=1, routed)           0.000     6.424    u_salsa_hash_interative_wrapper/u_hash_interative_with_d_r_c/u_d_r_c_round_interative/u_quarter_round/add_40_carry__0_i_7_n_0
    SLICE_X30Y43         CARRY4 (Prop_carry4_S[1]_CO[3])
                                                      0.533     6.957 r  u_salsa_hash_interative_wrapper/u_hash_interative_with_d_r_c/u_d_r_c_round_interative/u_quarter_round/add_40_carry__0/CO[3]
                         net (fo=1, routed)           0.000     6.957    u_salsa_hash_interative_wrapper/u_hash_interative_with_d_r_c/u_d_r_c_round_interative/u_quarter_round/add_40_carry__0_n_0
    SLICE_X30Y44         CARRY4 (Prop_carry4_CI_CO[3])
                                                      0.117     7.074 r  u_salsa_hash_interative_wrapper/u_hash_interative_with_d_r_c/u_d_r_c_round_interative/u_quarter_round/add_40_carry__1/CO[3]
                         net (fo=1, routed)           0.000     7.074    u_salsa_hash_interative_wrapper/u_hash_interative_with_d_r_c/u_d_r_c_round_interative/u_quarter_round/add_40_carry__1_n_0
    SLICE_X30Y45         CARRY4 (Prop_carry4_CI_CO[3])
                                                      0.117     7.191 r  u_salsa_hash_interative_wrapper/u_hash_interative_with_d_r_c/u_d_r_c_round_interative/u_quarter_round/add_40_carry__2/CO[3]
                         net (fo=1, routed)           0.000     7.191    u_salsa_hash_interative_wrapper/u_hash_interative_with_d_r_c/u_d_r_c_round_interative/u_quarter_round/add_40_carry__2_n_0
    SLICE_X30Y46         CARRY4 (Prop_carry4_CI_CO[3])
                                                      0.117     7.308 r  u_salsa_hash_interative_wrapper/u_hash_interative_with_d_r_c/u_d_r_c_round_interative/u_quarter_round/add_40_carry__3/CO[3]
                         net (fo=1, routed)           0.000     7.308    u_salsa_hash_interative_wrapper/u_hash_interative_with_d_r_c/u_d_r_c_round_interative/u_quarter_round/add_40_carry__3_n_0
    SLICE_X30Y47         CARRY4 (Prop_carry4_CI_CO[3])
                                                      0.117     7.425 r  u_salsa_hash_interative_wrapper/u_hash_interative_with_d_r_c/u_d_r_c_round_interative/u_quarter_round/add_40_carry__4/CO[3]
                         net (fo=1, routed)           0.000     7.425    u_salsa_hash_interative_wrapper/u_hash_interative_with_d_r_c/u_d_r_c_round_interative/u_quarter_round/add_40_carry__4_n_0
    SLICE_X30Y48         CARRY4 (Prop_carry4_CI_CO[3])
                                                      0.117     7.542 r  u_salsa_hash_interative_wrapper/u_hash_interative_with_d_r_c/u_d_r_c_round_interative/u_quarter_round/add_40_carry__5/CO[3]
                         net (fo=1, routed)           0.000     7.542    u_salsa_hash_interative_wrapper/u_hash_interative_with_d_r_c/u_d_r_c_round_interative/u_quarter_round/add_40_carry__5_n_0
    SLICE_X30Y49         CARRY4 (Prop_carry4_CI_O[2])
                                                      0.239     7.781 r  u_salsa_hash_interative_wrapper/u_hash_interative_with_d_r_c/u_d_r_c_round_interative/u_quarter_round/add_40_carry__6/O[2]
                         net (fo=1, routed)           0.549     8.330    u_salsa_hash_interative_wrapper/u_hash_interative_with_d_r_c/u_d_r_c_round_interative/u_quarter_round/add_4[30]
    SLICE_X31Y50         LUT2 (Prop_lut2_I0_O)        0.301     8.631 r  u_salsa_hash_interative_wrapper/u_hash_interative_with_d_r_c/u_d_r_c_round_interative/u_quarter_round/matrix_after_col[0][0][16]_i_1/O
                         net (fo=8, routed)           0.574     9.205    u_salsa_hash_interative_wrapper/u_hash_interative_with_d_r_c/u_d_r_c_round_interative/qr_0_out[16]
    SLICE_X31Y50         FDCE                                         r  u_salsa_hash_interative_wrapper/u_hash_interative_with_d_r_c/u_d_r_c_round_interative/matrix_after_row_reg[3][3][16]/D
  -------------------------------------------------------------------    -------------------

                         (clock salsa_top_80mhz_pll_clk rise edge)
                                                     12.500    12.500 r  
    W5                                                0.000    12.500 r  salsa_top_100mhz_clk (IN)
                         net (fo=0)                   0.000    12.500    salsa_top_xilinix_ip_pll/inst/clk_in1
    W5                   IBUF (Prop_ibuf_I_O)         1.388    13.888 r  salsa_top_xilinix_ip_pll/inst/clkin1_ibufg/O
                         net (fo=1, routed)           1.181    15.069    salsa_top_xilinix_ip_pll/inst/clk_in1_clk_wiz_0
    PLLE2_ADV_X1Y0       PLLE2_ADV (Prop_plle2_adv_CLKIN1_CLKOUT0)
                                                     -7.750     7.319 r  salsa_top_xilinix_ip_pll/inst/plle2_adv_inst/CLKOUT0
                         net (fo=1, routed)           1.576     8.896    salsa_top_xilinix_ip_pll/inst/clk_out1_clk_wiz_0
    BUFGCTRL_X0Y0        BUFG (Prop_bufg_I_O)         0.091     8.987 r  salsa_top_xilinix_ip_pll/inst/clkout1_buf/O
                         net (fo=7218, routed)        1.436    10.422    u_salsa_hash_interative_wrapper/u_hash_interative_with_d_r_c/u_d_r_c_round_interative/clk_out1
    SLICE_X31Y50         FDCE                                         r  u_salsa_hash_interative_wrapper/u_hash_interative_with_d_r_c/u_d_r_c_round_interative/matrix_after_row_reg[3][3][16]/C
                         clock pessimism             -0.505     9.917    
                         clock uncertainty           -0.147     9.770    
    SLICE_X31Y50         FDCE (Setup_fdce_C_D)       -0.061     9.709    u_salsa_hash_interative_wrapper/u_hash_interative_with_d_r_c/u_d_r_c_round_interative/matrix_after_row_reg[3][3][16]
  -------------------------------------------------------------------
                         required time                          9.709    
                         arrival time                          -9.205    
  -------------------------------------------------------------------
                         slack                                  0.504    

Slack (MET) :             0.511ns  (required time - arrival time)
  Source:                 u_salsa_hash_interative_wrapper/u_hash_interative_with_d_r_c/u_d_r_c_round_interative/qr_0_in_reg[0]/C
                            (rising edge-triggered cell FDCE clocked by salsa_top_80mhz_pll_clk  {rise@0.000ns fall@6.250ns period=12.500ns})
  Destination:            u_salsa_hash_interative_wrapper/u_hash_interative_with_d_r_c/u_d_r_c_round_interative/matrix_after_row_reg[2][2][16]/D
                            (rising edge-triggered cell FDCE clocked by salsa_top_80mhz_pll_clk  {rise@0.000ns fall@6.250ns period=12.500ns})
  Path Group:             salsa_top_80mhz_pll_clk
  Path Type:              Setup (Max at Slow Process Corner)
  Requirement:            12.500ns  (salsa_top_80mhz_pll_clk rise@12.500ns - salsa_top_80mhz_pll_clk rise@0.000ns)
  Data Path Delay:        11.657ns  (logic 7.241ns (62.120%)  route 4.416ns (37.880%))
  Logic Levels:           33  (CARRY4=28 LUT2=2 LUT3=1 LUT4=2)
  Clock Path Skew:        -0.128ns (DCD - SCD + CPR)
    Destination Clock Delay (DCD):    -2.078ns = ( 10.422 - 12.500 ) 
    Source Clock Delay      (SCD):    -2.456ns
    Clock Pessimism Removal (CPR):    -0.505ns
  Clock Uncertainty:      0.147ns  ((TSJ^2 + DJ^2)^1/2) / 2 + PE
    Total System Jitter     (TSJ):    0.071ns
    Discrete Jitter          (DJ):    0.286ns
    Phase Error              (PE):    0.000ns

    Location             Delay type                Incr(ns)  Path(ns)    Netlist Resource(s)
  -------------------------------------------------------------------    -------------------
                         (clock salsa_top_80mhz_pll_clk rise edge)
                                                      0.000     0.000 r  
    W5                                                0.000     0.000 r  salsa_top_100mhz_clk (IN)
                         net (fo=0)                   0.000     0.000    salsa_top_xilinix_ip_pll/inst/clk_in1
    W5                   IBUF (Prop_ibuf_I_O)         1.458     1.458 r  salsa_top_xilinix_ip_pll/inst/clkin1_ibufg/O
                         net (fo=1, routed)           1.253     2.711    salsa_top_xilinix_ip_pll/inst/clk_in1_clk_wiz_0
    PLLE2_ADV_X1Y0       PLLE2_ADV (Prop_plle2_adv_CLKIN1_CLKOUT0)
                                                     -8.482    -5.770 r  salsa_top_xilinix_ip_pll/inst/plle2_adv_inst/CLKOUT0
                         net (fo=1, routed)           1.655    -4.115    salsa_top_xilinix_ip_pll/inst/clk_out1_clk_wiz_0
    BUFGCTRL_X0Y0        BUFG (Prop_bufg_I_O)         0.096    -4.019 r  salsa_top_xilinix_ip_pll/inst/clkout1_buf/O
                         net (fo=7218, routed)        1.563    -2.456    u_salsa_hash_interative_wrapper/u_hash_interative_with_d_r_c/u_d_r_c_round_interative/clk_out1
    SLICE_X29Y38         FDCE                                         r  u_salsa_hash_interative_wrapper/u_hash_interative_with_d_r_c/u_d_r_c_round_interative/qr_0_in_reg[0]/C
  -------------------------------------------------------------------    -------------------
    SLICE_X29Y38         FDCE (Prop_fdce_C_Q)         0.456    -2.000 r  u_salsa_hash_interative_wrapper/u_hash_interative_with_d_r_c/u_d_r_c_round_interative/qr_0_in_reg[0]/Q
                         net (fo=5, routed)           0.765    -1.234    u_salsa_hash_interative_wrapper/u_hash_interative_with_d_r_c/u_d_r_c_round_interative/u_quarter_round/Q[0]
    SLICE_X28Y41         LUT2 (Prop_lut2_I0_O)        0.124    -1.110 r  u_salsa_hash_interative_wrapper/u_hash_interative_with_d_r_c/u_d_r_c_round_interative/u_quarter_round/add_10_carry_i_4/O
                         net (fo=1, routed)           0.000    -1.110    u_salsa_hash_interative_wrapper/u_hash_interative_with_d_r_c/u_d_r_c_round_interative/u_quarter_round/add_10_carry_i_4_n_0
    SLICE_X28Y41         CARRY4 (Prop_carry4_S[0]_CO[3])
                                                      0.532    -0.578 r  u_salsa_hash_interative_wrapper/u_hash_interative_with_d_r_c/u_d_r_c_round_interative/u_quarter_round/add_10_carry/CO[3]
                         net (fo=1, routed)           0.000    -0.578    u_salsa_hash_interative_wrapper/u_hash_interative_with_d_r_c/u_d_r_c_round_interative/u_quarter_round/add_10_carry_n_0
    SLICE_X28Y42         CARRY4 (Prop_carry4_CI_CO[3])
                                                      0.114    -0.464 r  u_salsa_hash_interative_wrapper/u_hash_interative_with_d_r_c/u_d_r_c_round_interative/u_quarter_round/add_10_carry__0/CO[3]
                         net (fo=1, routed)           0.000    -0.464    u_salsa_hash_interative_wrapper/u_hash_interative_with_d_r_c/u_d_r_c_round_interative/u_quarter_round/add_10_carry__0_n_0
    SLICE_X28Y43         CARRY4 (Prop_carry4_CI_CO[3])
                                                      0.114    -0.350 r  u_salsa_hash_interative_wrapper/u_hash_interative_with_d_r_c/u_d_r_c_round_interative/u_quarter_round/add_10_carry__1/CO[3]
                         net (fo=1, routed)           0.000    -0.350    u_salsa_hash_interative_wrapper/u_hash_interative_with_d_r_c/u_d_r_c_round_interative/u_quarter_round/add_10_carry__1_n_0
    SLICE_X28Y44         CARRY4 (Prop_carry4_CI_CO[3])
                                                      0.114    -0.236 r  u_salsa_hash_interative_wrapper/u_hash_interative_with_d_r_c/u_d_r_c_round_interative/u_quarter_round/add_10_carry__2/CO[3]
                         net (fo=1, routed)           0.000    -0.236    u_salsa_hash_interative_wrapper/u_hash_interative_with_d_r_c/u_d_r_c_round_interative/u_quarter_round/add_10_carry__2_n_0
    SLICE_X28Y45         CARRY4 (Prop_carry4_CI_CO[3])
                                                      0.114    -0.122 r  u_salsa_hash_interative_wrapper/u_hash_interative_with_d_r_c/u_d_r_c_round_interative/u_quarter_round/add_10_carry__3/CO[3]
                         net (fo=1, routed)           0.000    -0.122    u_salsa_hash_interative_wrapper/u_hash_interative_with_d_r_c/u_d_r_c_round_interative/u_quarter_round/add_10_carry__3_n_0
    SLICE_X28Y46         CARRY4 (Prop_carry4_CI_CO[3])
                                                      0.114    -0.008 r  u_salsa_hash_interative_wrapper/u_hash_interative_with_d_r_c/u_d_r_c_round_interative/u_quarter_round/add_10_carry__4/CO[3]
                         net (fo=1, routed)           0.000    -0.008    u_salsa_hash_interative_wrapper/u_hash_interative_with_d_r_c/u_d_r_c_round_interative/u_quarter_round/add_10_carry__4_n_0
    SLICE_X28Y47         CARRY4 (Prop_carry4_CI_O[1])
                                                      0.334     0.326 r  u_salsa_hash_interative_wrapper/u_hash_interative_with_d_r_c/u_d_r_c_round_interative/u_quarter_round/add_10_carry__5/O[1]
                         net (fo=3, routed)           0.859     1.185    u_salsa_hash_interative_wrapper/u_hash_interative_with_d_r_c/u_d_r_c_round_interative/u_quarter_round/add_1[25]
    SLICE_X29Y42         LUT3 (Prop_lut3_I1_O)        0.303     1.488 r  u_salsa_hash_interative_wrapper/u_hash_interative_with_d_r_c/u_d_r_c_round_interative/u_quarter_round/add_20_carry_i_4/O
                         net (fo=1, routed)           0.000     1.488    u_salsa_hash_interative_wrapper/u_hash_interative_with_d_r_c/u_d_r_c_round_interative/u_quarter_round/add_20_carry_i_4_n_0
    SLICE_X29Y42         CARRY4 (Prop_carry4_S[0]_CO[3])
                                                      0.532     2.020 r  u_salsa_hash_interative_wrapper/u_hash_interative_with_d_r_c/u_d_r_c_round_interative/u_quarter_round/add_20_carry/CO[3]
                         net (fo=1, routed)           0.000     2.020    u_salsa_hash_interative_wrapper/u_hash_interative_with_d_r_c/u_d_r_c_round_interative/u_quarter_round/add_20_carry_n_0
    SLICE_X29Y43         CARRY4 (Prop_carry4_CI_CO[3])
                                                      0.114     2.134 r  u_salsa_hash_interative_wrapper/u_hash_interative_with_d_r_c/u_d_r_c_round_interative/u_quarter_round/add_20_carry__0/CO[3]
                         net (fo=1, routed)           0.000     2.134    u_salsa_hash_interative_wrapper/u_hash_interative_with_d_r_c/u_d_r_c_round_interative/u_quarter_round/add_20_carry__0_n_0
    SLICE_X29Y44         CARRY4 (Prop_carry4_CI_CO[3])
                                                      0.114     2.248 r  u_salsa_hash_interative_wrapper/u_hash_interative_with_d_r_c/u_d_r_c_round_interative/u_quarter_round/add_20_carry__1/CO[3]
                         net (fo=1, routed)           0.000     2.248    u_salsa_hash_interative_wrapper/u_hash_interative_with_d_r_c/u_d_r_c_round_interative/u_quarter_round/add_20_carry__1_n_0
    SLICE_X29Y45         CARRY4 (Prop_carry4_CI_CO[3])
                                                      0.114     2.362 r  u_salsa_hash_interative_wrapper/u_hash_interative_with_d_r_c/u_d_r_c_round_interative/u_quarter_round/add_20_carry__2/CO[3]
                         net (fo=1, routed)           0.000     2.362    u_salsa_hash_interative_wrapper/u_hash_interative_with_d_r_c/u_d_r_c_round_interative/u_quarter_round/add_20_carry__2_n_0
    SLICE_X29Y46         CARRY4 (Prop_carry4_CI_CO[3])
                                                      0.114     2.476 r  u_salsa_hash_interative_wrapper/u_hash_interative_with_d_r_c/u_d_r_c_round_interative/u_quarter_round/add_20_carry__3/CO[3]
                         net (fo=1, routed)           0.000     2.476    u_salsa_hash_interative_wrapper/u_hash_interative_with_d_r_c/u_d_r_c_round_interative/u_quarter_round/add_20_carry__3_n_0
    SLICE_X29Y47         CARRY4 (Prop_carry4_CI_CO[3])
                                                      0.114     2.590 r  u_salsa_hash_interative_wrapper/u_hash_interative_with_d_r_c/u_d_r_c_round_interative/u_quarter_round/add_20_carry__4/CO[3]
                         net (fo=1, routed)           0.000     2.590    u_salsa_hash_interative_wrapper/u_hash_interative_with_d_r_c/u_d_r_c_round_interative/u_quarter_round/add_20_carry__4_n_0
    SLICE_X29Y48         CARRY4 (Prop_carry4_CI_CO[3])
                                                      0.114     2.704 r  u_salsa_hash_interative_wrapper/u_hash_interative_with_d_r_c/u_d_r_c_round_interative/u_quarter_round/add_20_carry__5/CO[3]
                         net (fo=1, routed)           0.000     2.704    u_salsa_hash_interative_wrapper/u_hash_interative_with_d_r_c/u_d_r_c_round_interative/u_quarter_round/add_20_carry__5_n_0
    SLICE_X29Y49         CARRY4 (Prop_carry4_CI_O[0])
                                                      0.222     2.926 r  u_salsa_hash_interative_wrapper/u_hash_interative_with_d_r_c/u_d_r_c_round_interative/u_quarter_round/add_20_carry__6/O[0]
                         net (fo=4, routed)           0.934     3.860    u_salsa_hash_interative_wrapper/u_hash_interative_with_d_r_c/u_d_r_c_round_interative/u_quarter_round/add_2[28]
    SLICE_X31Y41         LUT4 (Prop_lut4_I1_O)        0.299     4.159 r  u_salsa_hash_interative_wrapper/u_hash_interative_with_d_r_c/u_d_r_c_round_interative/u_quarter_round/add_30_carry__0_i_7/O
                         net (fo=1, routed)           0.000     4.159    u_salsa_hash_interative_wrapper/u_hash_interative_with_d_r_c/u_d_r_c_round_interative/u_quarter_round/add_30_carry__0_i_7_n_0
    SLICE_X31Y41         CARRY4 (Prop_carry4_S[1]_CO[3])
                                                      0.550     4.709 r  u_salsa_hash_interative_wrapper/u_hash_interative_with_d_r_c/u_d_r_c_round_interative/u_quarter_round/add_30_carry__0/CO[3]
                         net (fo=1, routed)           0.000     4.709    u_salsa_hash_interative_wrapper/u_hash_interative_with_d_r_c/u_d_r_c_round_interative/u_quarter_round/add_30_carry__0_n_0
    SLICE_X31Y42         CARRY4 (Prop_carry4_CI_CO[3])
                                                      0.114     4.823 r  u_salsa_hash_interative_wrapper/u_hash_interative_with_d_r_c/u_d_r_c_round_interative/u_quarter_round/add_30_carry__1/CO[3]
                         net (fo=1, routed)           0.000     4.823    u_salsa_hash_interative_wrapper/u_hash_interative_with_d_r_c/u_d_r_c_round_interative/u_quarter_round/add_30_carry__1_n_0
    SLICE_X31Y43         CARRY4 (Prop_carry4_CI_CO[3])
                                                      0.114     4.937 r  u_salsa_hash_interative_wrapper/u_hash_interative_with_d_r_c/u_d_r_c_round_interative/u_quarter_round/add_30_carry__2/CO[3]
                         net (fo=1, routed)           0.000     4.937    u_salsa_hash_interative_wrapper/u_hash_interative_with_d_r_c/u_d_r_c_round_interative/u_quarter_round/add_30_carry__2_n_0
    SLICE_X31Y44         CARRY4 (Prop_carry4_CI_CO[3])
                                                      0.114     5.051 r  u_salsa_hash_interative_wrapper/u_hash_interative_with_d_r_c/u_d_r_c_round_interative/u_quarter_round/add_30_carry__3/CO[3]
                         net (fo=1, routed)           0.000     5.051    u_salsa_hash_interative_wrapper/u_hash_interative_with_d_r_c/u_d_r_c_round_interative/u_quarter_round/add_30_carry__3_n_0
    SLICE_X31Y45         CARRY4 (Prop_carry4_CI_CO[3])
                                                      0.114     5.165 r  u_salsa_hash_interative_wrapper/u_hash_interative_with_d_r_c/u_d_r_c_round_interative/u_quarter_round/add_30_carry__4/CO[3]
                         net (fo=1, routed)           0.000     5.165    u_salsa_hash_interative_wrapper/u_hash_interative_with_d_r_c/u_d_r_c_round_interative/u_quarter_round/add_30_carry__4_n_0
    SLICE_X31Y46         CARRY4 (Prop_carry4_CI_O[0])
                                                      0.222     5.387 r  u_salsa_hash_interative_wrapper/u_hash_interative_with_d_r_c/u_d_r_c_round_interative/u_quarter_round/add_30_carry__5/O[0]
                         net (fo=3, routed)           0.738     6.125    u_salsa_hash_interative_wrapper/u_hash_interative_with_d_r_c/u_d_r_c_round_interative/u_quarter_round/add_3[24]
    SLICE_X30Y43         LUT4 (Prop_lut4_I1_O)        0.299     6.424 r  u_salsa_hash_interative_wrapper/u_hash_interative_with_d_r_c/u_d_r_c_round_interative/u_quarter_round/add_40_carry__0_i_7/O
                         net (fo=1, routed)           0.000     6.424    u_salsa_hash_interative_wrapper/u_hash_interative_with_d_r_c/u_d_r_c_round_interative/u_quarter_round/add_40_carry__0_i_7_n_0
    SLICE_X30Y43         CARRY4 (Prop_carry4_S[1]_CO[3])
                                                      0.533     6.957 r  u_salsa_hash_interative_wrapper/u_hash_interative_with_d_r_c/u_d_r_c_round_interative/u_quarter_round/add_40_carry__0/CO[3]
                         net (fo=1, routed)           0.000     6.957    u_salsa_hash_interative_wrapper/u_hash_interative_with_d_r_c/u_d_r_c_round_interative/u_quarter_round/add_40_carry__0_n_0
    SLICE_X30Y44         CARRY4 (Prop_carry4_CI_CO[3])
                                                      0.117     7.074 r  u_salsa_hash_interative_wrapper/u_hash_interative_with_d_r_c/u_d_r_c_round_interative/u_quarter_round/add_40_carry__1/CO[3]
                         net (fo=1, routed)           0.000     7.074    u_salsa_hash_interative_wrapper/u_hash_interative_with_d_r_c/u_d_r_c_round_interative/u_quarter_round/add_40_carry__1_n_0
    SLICE_X30Y45         CARRY4 (Prop_carry4_CI_CO[3])
                                                      0.117     7.191 r  u_salsa_hash_interative_wrapper/u_hash_interative_with_d_r_c/u_d_r_c_round_interative/u_quarter_round/add_40_carry__2/CO[3]
                         net (fo=1, routed)           0.000     7.191    u_salsa_hash_interative_wrapper/u_hash_interative_with_d_r_c/u_d_r_c_round_interative/u_quarter_round/add_40_carry__2_n_0
    SLICE_X30Y46         CARRY4 (Prop_carry4_CI_CO[3])
                                                      0.117     7.308 r  u_salsa_hash_interative_wrapper/u_hash_interative_with_d_r_c/u_d_r_c_round_interative/u_quarter_round/add_40_carry__3/CO[3]
                         net (fo=1, routed)           0.000     7.308    u_salsa_hash_interative_wrapper/u_hash_interative_with_d_r_c/u_d_r_c_round_interative/u_quarter_round/add_40_carry__3_n_0
    SLICE_X30Y47         CARRY4 (Prop_carry4_CI_CO[3])
                                                      0.117     7.425 r  u_salsa_hash_interative_wrapper/u_hash_interative_with_d_r_c/u_d_r_c_round_interative/u_quarter_round/add_40_carry__4/CO[3]
                         net (fo=1, routed)           0.000     7.425    u_salsa_hash_interative_wrapper/u_hash_interative_with_d_r_c/u_d_r_c_round_interative/u_quarter_round/add_40_carry__4_n_0
    SLICE_X30Y48         CARRY4 (Prop_carry4_CI_CO[3])
                                                      0.117     7.542 r  u_salsa_hash_interative_wrapper/u_hash_interative_with_d_r_c/u_d_r_c_round_interative/u_quarter_round/add_40_carry__5/CO[3]
                         net (fo=1, routed)           0.000     7.542    u_salsa_hash_interative_wrapper/u_hash_interative_with_d_r_c/u_d_r_c_round_interative/u_quarter_round/add_40_carry__5_n_0
    SLICE_X30Y49         CARRY4 (Prop_carry4_CI_O[2])
                                                      0.239     7.781 r  u_salsa_hash_interative_wrapper/u_hash_interative_with_d_r_c/u_d_r_c_round_interative/u_quarter_round/add_40_carry__6/O[2]
                         net (fo=1, routed)           0.549     8.330    u_salsa_hash_interative_wrapper/u_hash_interative_with_d_r_c/u_d_r_c_round_interative/u_quarter_round/add_4[30]
    SLICE_X31Y50         LUT2 (Prop_lut2_I0_O)        0.301     8.631 r  u_salsa_hash_interative_wrapper/u_hash_interative_with_d_r_c/u_d_r_c_round_interative/u_quarter_round/matrix_after_col[0][0][16]_i_1/O
                         net (fo=8, routed)           0.570     9.201    u_salsa_hash_interative_wrapper/u_hash_interative_with_d_r_c/u_d_r_c_round_interative/qr_0_out[16]
    SLICE_X31Y51         FDCE                                         r  u_salsa_hash_interative_wrapper/u_hash_interative_with_d_r_c/u_d_r_c_round_interative/matrix_after_row_reg[2][2][16]/D
  -------------------------------------------------------------------    -------------------

                         (clock salsa_top_80mhz_pll_clk rise edge)
                                                     12.500    12.500 r  
    W5                                                0.000    12.500 r  salsa_top_100mhz_clk (IN)
                         net (fo=0)                   0.000    12.500    salsa_top_xilinix_ip_pll/inst/clk_in1
    W5                   IBUF (Prop_ibuf_I_O)         1.388    13.888 r  salsa_top_xilinix_ip_pll/inst/clkin1_ibufg/O
                         net (fo=1, routed)           1.181    15.069    salsa_top_xilinix_ip_pll/inst/clk_in1_clk_wiz_0
    PLLE2_ADV_X1Y0       PLLE2_ADV (Prop_plle2_adv_CLKIN1_CLKOUT0)
                                                     -7.750     7.319 r  salsa_top_xilinix_ip_pll/inst/plle2_adv_inst/CLKOUT0
                         net (fo=1, routed)           1.576     8.896    salsa_top_xilinix_ip_pll/inst/clk_out1_clk_wiz_0
    BUFGCTRL_X0Y0        BUFG (Prop_bufg_I_O)         0.091     8.987 r  salsa_top_xilinix_ip_pll/inst/clkout1_buf/O
                         net (fo=7218, routed)        1.436    10.422    u_salsa_hash_interative_wrapper/u_hash_interative_with_d_r_c/u_d_r_c_round_interative/clk_out1
    SLICE_X31Y51         FDCE                                         r  u_salsa_hash_interative_wrapper/u_hash_interative_with_d_r_c/u_d_r_c_round_interative/matrix_after_row_reg[2][2][16]/C
                         clock pessimism             -0.505     9.917    
                         clock uncertainty           -0.147     9.770    
    SLICE_X31Y51         FDCE (Setup_fdce_C_D)       -0.058     9.712    u_salsa_hash_interative_wrapper/u_hash_interative_with_d_r_c/u_d_r_c_round_interative/matrix_after_row_reg[2][2][16]
  -------------------------------------------------------------------
                         required time                          9.712    
                         arrival time                          -9.201    
  -------------------------------------------------------------------
                         slack                                  0.511    





Min Delay Paths
--------------------------------------------------------------------------------------
Slack (MET) :             0.008ns  (arrival time - required time)
  Source:                 u_salsa_hash_interative_wrapper/u_hash_interative_with_d_r_c/matrix_in2_duouble_reg[1][3][18]/C
                            (rising edge-triggered cell FDCE clocked by salsa_top_80mhz_pll_clk  {rise@0.000ns fall@6.250ns period=12.500ns})
  Destination:            u_salsa_hash_interative_wrapper/u_hash_interative_with_d_r_c/u_d_r_c_round_interative/matrix_in_sample_reg[1][3][18]/D
                            (rising edge-triggered cell FDCE clocked by salsa_top_80mhz_pll_clk  {rise@0.000ns fall@6.250ns period=12.500ns})
  Path Group:             salsa_top_80mhz_pll_clk
  Path Type:              Hold (Min at Fast Process Corner)
  Requirement:            0.000ns  (salsa_top_80mhz_pll_clk rise@0.000ns - salsa_top_80mhz_pll_clk rise@0.000ns)
  Data Path Delay:        0.288ns  (logic 0.128ns (44.473%)  route 0.160ns (55.527%))
  Logic Levels:           0  
  Clock Path Skew:        0.263ns (DCD - SCD - CPR)
    Destination Clock Delay (DCD):    -0.340ns
    Source Clock Delay      (SCD):    -0.568ns
    Clock Pessimism Removal (CPR):    -0.034ns

    Location             Delay type                Incr(ns)  Path(ns)    Netlist Resource(s)
  -------------------------------------------------------------------    -------------------
                         (clock salsa_top_80mhz_pll_clk rise edge)
                                                      0.000     0.000 r  
    W5                                                0.000     0.000 r  salsa_top_100mhz_clk (IN)
                         net (fo=0)                   0.000     0.000    salsa_top_xilinix_ip_pll/inst/clk_in1
    W5                   IBUF (Prop_ibuf_I_O)         0.226     0.226 r  salsa_top_xilinix_ip_pll/inst/clkin1_ibufg/O
                         net (fo=1, routed)           0.440     0.667    salsa_top_xilinix_ip_pll/inst/clk_in1_clk_wiz_0
    PLLE2_ADV_X1Y0       PLLE2_ADV (Prop_plle2_adv_CLKIN1_CLKOUT0)
                                                     -2.322    -1.656 r  salsa_top_xilinix_ip_pll/inst/plle2_adv_inst/CLKOUT0
                         net (fo=1, routed)           0.501    -1.155    salsa_top_xilinix_ip_pll/inst/clk_out1_clk_wiz_0
    BUFGCTRL_X0Y0        BUFG (Prop_bufg_I_O)         0.026    -1.129 r  salsa_top_xilinix_ip_pll/inst/clkout1_buf/O
                         net (fo=7218, routed)        0.561    -0.568    u_salsa_hash_interative_wrapper/u_hash_interative_with_d_r_c/clk_out1
    SLICE_X36Y54         FDCE                                         r  u_salsa_hash_interative_wrapper/u_hash_interative_with_d_r_c/matrix_in2_duouble_reg[1][3][18]/C
  -------------------------------------------------------------------    -------------------
    SLICE_X36Y54         FDCE (Prop_fdce_C_Q)         0.128    -0.440 r  u_salsa_hash_interative_wrapper/u_hash_interative_with_d_r_c/matrix_in2_duouble_reg[1][3][18]/Q
                         net (fo=1, routed)           0.160    -0.280    u_salsa_hash_interative_wrapper/u_hash_interative_with_d_r_c/u_d_r_c_round_interative/matrix_in_sample_reg[1][3][31]_0[18]
    SLICE_X35Y56         FDCE                                         r  u_salsa_hash_interative_wrapper/u_hash_interative_with_d_r_c/u_d_r_c_round_interative/matrix_in_sample_reg[1][3][18]/D
  -------------------------------------------------------------------    -------------------

                         (clock salsa_top_80mhz_pll_clk rise edge)
                                                      0.000     0.000 r  
    W5                                                0.000     0.000 r  salsa_top_100mhz_clk (IN)
                         net (fo=0)                   0.000     0.000    salsa_top_xilinix_ip_pll/inst/clk_in1
    W5                   IBUF (Prop_ibuf_I_O)         0.414     0.414 r  salsa_top_xilinix_ip_pll/inst/clkin1_ibufg/O
                         net (fo=1, routed)           0.481     0.895    salsa_top_xilinix_ip_pll/inst/clk_in1_clk_wiz_0
    PLLE2_ADV_X1Y0       PLLE2_ADV (Prop_plle2_adv_CLKIN1_CLKOUT0)
                                                     -2.638    -1.743 r  salsa_top_xilinix_ip_pll/inst/plle2_adv_inst/CLKOUT0
                         net (fo=1, routed)           0.546    -1.197    salsa_top_xilinix_ip_pll/inst/clk_out1_clk_wiz_0
    BUFGCTRL_X0Y0        BUFG (Prop_bufg_I_O)         0.029    -1.168 r  salsa_top_xilinix_ip_pll/inst/clkout1_buf/O
                         net (fo=7218, routed)        0.828    -0.340    u_salsa_hash_interative_wrapper/u_hash_interative_with_d_r_c/u_d_r_c_round_interative/clk_out1
    SLICE_X35Y56         FDCE                                         r  u_salsa_hash_interative_wrapper/u_hash_interative_with_d_r_c/u_d_r_c_round_interative/matrix_in_sample_reg[1][3][18]/C
                         clock pessimism              0.034    -0.305    
    SLICE_X35Y56         FDCE (Hold_fdce_C_D)         0.017    -0.288    u_salsa_hash_interative_wrapper/u_hash_interative_with_d_r_c/u_d_r_c_round_interative/matrix_in_sample_reg[1][3][18]
  -------------------------------------------------------------------
                         required time                          0.288    
                         arrival time                          -0.280    
  -------------------------------------------------------------------
                         slack                                  0.008    

Slack (MET) :             0.016ns  (arrival time - required time)
  Source:                 u_salsa_hash_interative_wrapper/u_hash_interative_with_d_r_c/u_d_r_c_round_interative/matrix_after_row_reg[3][0][26]/C
                            (rising edge-triggered cell FDCE clocked by salsa_top_80mhz_pll_clk  {rise@0.000ns fall@6.250ns period=12.500ns})
  Destination:            u_salsa_hash_interative_wrapper/u_hash_interative_with_d_r_c/u_d_r_c_round_interative/double_dw_matrix_out_reg[3][0][26]/D
                            (rising edge-triggered cell FDCE clocked by salsa_top_80mhz_pll_clk  {rise@0.000ns fall@6.250ns period=12.500ns})
  Path Group:             salsa_top_80mhz_pll_clk
  Path Type:              Hold (Min at Fast Process Corner)
  Requirement:            0.000ns  (salsa_top_80mhz_pll_clk rise@0.000ns - salsa_top_80mhz_pll_clk rise@0.000ns)
  Data Path Delay:        0.356ns  (logic 0.141ns (39.662%)  route 0.215ns (60.338%))
  Logic Levels:           0  
  Clock Path Skew:        0.265ns (DCD - SCD - CPR)
    Destination Clock Delay (DCD):    -0.341ns
    Source Clock Delay      (SCD):    -0.571ns
    Clock Pessimism Removal (CPR):    -0.034ns

    Location             Delay type                Incr(ns)  Path(ns)    Netlist Resource(s)
  -------------------------------------------------------------------    -------------------
                         (clock salsa_top_80mhz_pll_clk rise edge)
                                                      0.000     0.000 r  
    W5                                                0.000     0.000 r  salsa_top_100mhz_clk (IN)
                         net (fo=0)                   0.000     0.000    salsa_top_xilinix_ip_pll/inst/clk_in1
    W5                   IBUF (Prop_ibuf_I_O)         0.226     0.226 r  salsa_top_xilinix_ip_pll/inst/clkin1_ibufg/O
                         net (fo=1, routed)           0.440     0.667    salsa_top_xilinix_ip_pll/inst/clk_in1_clk_wiz_0
    PLLE2_ADV_X1Y0       PLLE2_ADV (Prop_plle2_adv_CLKIN1_CLKOUT0)
                                                     -2.322    -1.656 r  salsa_top_xilinix_ip_pll/inst/plle2_adv_inst/CLKOUT0
                         net (fo=1, routed)           0.501    -1.155    salsa_top_xilinix_ip_pll/inst/clk_out1_clk_wiz_0
    BUFGCTRL_X0Y0        BUFG (Prop_bufg_I_O)         0.026    -1.129 r  salsa_top_xilinix_ip_pll/inst/clkout1_buf/O
                         net (fo=7218, routed)        0.558    -0.571    u_salsa_hash_interative_wrapper/u_hash_interative_with_d_r_c/u_d_r_c_round_interative/clk_out1
    SLICE_X32Y62         FDCE                                         r  u_salsa_hash_interative_wrapper/u_hash_interative_with_d_r_c/u_d_r_c_round_interative/matrix_after_row_reg[3][0][26]/C
  -------------------------------------------------------------------    -------------------
    SLICE_X32Y62         FDCE (Prop_fdce_C_Q)         0.141    -0.430 r  u_salsa_hash_interative_wrapper/u_hash_interative_with_d_r_c/u_d_r_c_round_interative/matrix_after_row_reg[3][0][26]/Q
                         net (fo=1, routed)           0.215    -0.216    u_salsa_hash_interative_wrapper/u_hash_interative_with_d_r_c/u_d_r_c_round_interative/matrix_after_row_reg[3][0]_40[26]
    SLICE_X37Y61         FDCE                                         r  u_salsa_hash_interative_wrapper/u_hash_interative_with_d_r_c/u_d_r_c_round_interative/double_dw_matrix_out_reg[3][0][26]/D
  -------------------------------------------------------------------    -------------------

                         (clock salsa_top_80mhz_pll_clk rise edge)
                                                      0.000     0.000 r  
    W5                                                0.000     0.000 r  salsa_top_100mhz_clk (IN)
                         net (fo=0)                   0.000     0.000    salsa_top_xilinix_ip_pll/inst/clk_in1
    W5                   IBUF (Prop_ibuf_I_O)         0.414     0.414 r  salsa_top_xilinix_ip_pll/inst/clkin1_ibufg/O
                         net (fo=1, routed)           0.481     0.895    salsa_top_xilinix_ip_pll/inst/clk_in1_clk_wiz_0
    PLLE2_ADV_X1Y0       PLLE2_ADV (Prop_plle2_adv_CLKIN1_CLKOUT0)
                                                     -2.638    -1.743 r  salsa_top_xilinix_ip_pll/inst/plle2_adv_inst/CLKOUT0
                         net (fo=1, routed)           0.546    -1.197    salsa_top_xilinix_ip_pll/inst/clk_out1_clk_wiz_0
    BUFGCTRL_X0Y0        BUFG (Prop_bufg_I_O)         0.029    -1.168 r  salsa_top_xilinix_ip_pll/inst/clkout1_buf/O
                         net (fo=7218, routed)        0.827    -0.341    u_salsa_hash_interative_wrapper/u_hash_interative_with_d_r_c/u_d_r_c_round_interative/clk_out1
    SLICE_X37Y61         FDCE                                         r  u_salsa_hash_interative_wrapper/u_hash_interative_with_d_r_c/u_d_r_c_round_interative/double_dw_matrix_out_reg[3][0][26]/C
                         clock pessimism              0.034    -0.306    
    SLICE_X37Y61         FDCE (Hold_fdce_C_D)         0.075    -0.231    u_salsa_hash_interative_wrapper/u_hash_interative_with_d_r_c/u_d_r_c_round_interative/double_dw_matrix_out_reg[3][0][26]
  -------------------------------------------------------------------
                         required time                          0.231    
                         arrival time                          -0.216    
  -------------------------------------------------------------------
                         slack                                  0.016    

Slack (MET) :             0.017ns  (arrival time - required time)
  Source:                 u_salsa_hash_interative_wrapper/u_hash_interative_with_d_r_c/matrix_out_of_duouble_sample_reg[1][1][0]/C
                            (rising edge-triggered cell FDCE clocked by salsa_top_80mhz_pll_clk  {rise@0.000ns fall@6.250ns period=12.500ns})
  Destination:            u_salsa_hash_interative_wrapper/u_hash_interative_with_d_r_c/salsa_dw_matrix_out_reg[1][1][0]/D
                            (rising edge-triggered cell FDCE clocked by salsa_top_80mhz_pll_clk  {rise@0.000ns fall@6.250ns period=12.500ns})
  Path Group:             salsa_top_80mhz_pll_clk
  Path Type:              Hold (Min at Fast Process Corner)
  Requirement:            0.000ns  (salsa_top_80mhz_pll_clk rise@0.000ns - salsa_top_80mhz_pll_clk rise@0.000ns)
  Data Path Delay:        0.338ns  (logic 0.141ns (41.733%)  route 0.197ns (58.267%))
  Logic Levels:           0  
  Clock Path Skew:        0.262ns (DCD - SCD - CPR)
    Destination Clock Delay (DCD):    -0.345ns
    Source Clock Delay      (SCD):    -0.572ns
    Clock Pessimism Removal (CPR):    -0.034ns

    Location             Delay type                Incr(ns)  Path(ns)    Netlist Resource(s)
  -------------------------------------------------------------------    -------------------
                         (clock salsa_top_80mhz_pll_clk rise edge)
                                                      0.000     0.000 r  
    W5                                                0.000     0.000 r  salsa_top_100mhz_clk (IN)
                         net (fo=0)                   0.000     0.000    salsa_top_xilinix_ip_pll/inst/clk_in1
    W5                   IBUF (Prop_ibuf_I_O)         0.226     0.226 r  salsa_top_xilinix_ip_pll/inst/clkin1_ibufg/O
                         net (fo=1, routed)           0.440     0.667    salsa_top_xilinix_ip_pll/inst/clk_in1_clk_wiz_0
    PLLE2_ADV_X1Y0       PLLE2_ADV (Prop_plle2_adv_CLKIN1_CLKOUT0)
                                                     -2.322    -1.656 r  salsa_top_xilinix_ip_pll/inst/plle2_adv_inst/CLKOUT0
                         net (fo=1, routed)           0.501    -1.155    salsa_top_xilinix_ip_pll/inst/clk_out1_clk_wiz_0
    BUFGCTRL_X0Y0        BUFG (Prop_bufg_I_O)         0.026    -1.129 r  salsa_top_xilinix_ip_pll/inst/clkout1_buf/O
                         net (fo=7218, routed)        0.557    -0.572    u_salsa_hash_interative_wrapper/u_hash_interative_with_d_r_c/clk_out1
    SLICE_X35Y33         FDCE                                         r  u_salsa_hash_interative_wrapper/u_hash_interative_with_d_r_c/matrix_out_of_duouble_sample_reg[1][1][0]/C
  -------------------------------------------------------------------    -------------------
    SLICE_X35Y33         FDCE (Prop_fdce_C_Q)         0.141    -0.431 r  u_salsa_hash_interative_wrapper/u_hash_interative_with_d_r_c/matrix_out_of_duouble_sample_reg[1][1][0]/Q
                         net (fo=1, routed)           0.197    -0.235    u_salsa_hash_interative_wrapper/u_hash_interative_with_d_r_c/matrix_out_of_duouble_sample_reg[1][1]_74[0]
    SLICE_X38Y32         FDCE                                         r  u_salsa_hash_interative_wrapper/u_hash_interative_with_d_r_c/salsa_dw_matrix_out_reg[1][1][0]/D
  -------------------------------------------------------------------    -------------------

                         (clock salsa_top_80mhz_pll_clk rise edge)
                                                      0.000     0.000 r  
    W5                                                0.000     0.000 r  salsa_top_100mhz_clk (IN)
                         net (fo=0)                   0.000     0.000    salsa_top_xilinix_ip_pll/inst/clk_in1
    W5                   IBUF (Prop_ibuf_I_O)         0.414     0.414 r  salsa_top_xilinix_ip_pll/inst/clkin1_ibufg/O
                         net (fo=1, routed)           0.481     0.895    salsa_top_xilinix_ip_pll/inst/clk_in1_clk_wiz_0
    PLLE2_ADV_X1Y0       PLLE2_ADV (Prop_plle2_adv_CLKIN1_CLKOUT0)
                                                     -2.638    -1.743 r  salsa_top_xilinix_ip_pll/inst/plle2_adv_inst/CLKOUT0
                         net (fo=1, routed)           0.546    -1.197    salsa_top_xilinix_ip_pll/inst/clk_out1_clk_wiz_0
    BUFGCTRL_X0Y0        BUFG (Prop_bufg_I_O)         0.029    -1.168 r  salsa_top_xilinix_ip_pll/inst/clkout1_buf/O
                         net (fo=7218, routed)        0.824    -0.345    u_salsa_hash_interative_wrapper/u_hash_interative_with_d_r_c/clk_out1
    SLICE_X38Y32         FDCE                                         r  u_salsa_hash_interative_wrapper/u_hash_interative_with_d_r_c/salsa_dw_matrix_out_reg[1][1][0]/C
                         clock pessimism              0.034    -0.310    
    SLICE_X38Y32         FDCE (Hold_fdce_C_D)         0.059    -0.251    u_salsa_hash_interative_wrapper/u_hash_interative_with_d_r_c/salsa_dw_matrix_out_reg[1][1][0]
  -------------------------------------------------------------------
                         required time                          0.251    
                         arrival time                          -0.235    
  -------------------------------------------------------------------
                         slack                                  0.017    

Slack (MET) :             0.022ns  (arrival time - required time)
  Source:                 u_salsa_hash_interative_wrapper/salsa_hashing_text_reg[62]/C
                            (rising edge-triggered cell FDCE clocked by salsa_top_80mhz_pll_clk  {rise@0.000ns fall@6.250ns period=12.500ns})
  Destination:            u_salsa_registers/salsa_hashing_text_ff_reg[62]/D
                            (rising edge-triggered cell FDCE clocked by salsa_top_80mhz_pll_clk  {rise@0.000ns fall@6.250ns period=12.500ns})
  Path Group:             salsa_top_80mhz_pll_clk
  Path Type:              Hold (Min at Fast Process Corner)
  Requirement:            0.000ns  (salsa_top_80mhz_pll_clk rise@0.000ns - salsa_top_80mhz_pll_clk rise@0.000ns)
  Data Path Delay:        0.302ns  (logic 0.128ns (42.389%)  route 0.174ns (57.611%))
  Logic Levels:           0  
  Clock Path Skew:        0.261ns (DCD - SCD - CPR)
    Destination Clock Delay (DCD):    -0.346ns
    Source Clock Delay      (SCD):    -0.572ns
    Clock Pessimism Removal (CPR):    -0.034ns

    Location             Delay type                Incr(ns)  Path(ns)    Netlist Resource(s)
  -------------------------------------------------------------------    -------------------
                         (clock salsa_top_80mhz_pll_clk rise edge)
                                                      0.000     0.000 r  
    W5                                                0.000     0.000 r  salsa_top_100mhz_clk (IN)
                         net (fo=0)                   0.000     0.000    salsa_top_xilinix_ip_pll/inst/clk_in1
    W5                   IBUF (Prop_ibuf_I_O)         0.226     0.226 r  salsa_top_xilinix_ip_pll/inst/clkin1_ibufg/O
                         net (fo=1, routed)           0.440     0.667    salsa_top_xilinix_ip_pll/inst/clk_in1_clk_wiz_0
    PLLE2_ADV_X1Y0       PLLE2_ADV (Prop_plle2_adv_CLKIN1_CLKOUT0)
                                                     -2.322    -1.656 r  salsa_top_xilinix_ip_pll/inst/plle2_adv_inst/CLKOUT0
                         net (fo=1, routed)           0.501    -1.155    salsa_top_xilinix_ip_pll/inst/clk_out1_clk_wiz_0
    BUFGCTRL_X0Y0        BUFG (Prop_bufg_I_O)         0.026    -1.129 r  salsa_top_xilinix_ip_pll/inst/clkout1_buf/O
                         net (fo=7218, routed)        0.557    -0.572    u_salsa_hash_interative_wrapper/clk_out1
    SLICE_X37Y64         FDCE                                         r  u_salsa_hash_interative_wrapper/salsa_hashing_text_reg[62]/C
  -------------------------------------------------------------------    -------------------
    SLICE_X37Y64         FDCE (Prop_fdce_C_Q)         0.128    -0.444 r  u_salsa_hash_interative_wrapper/salsa_hashing_text_reg[62]/Q
                         net (fo=2, routed)           0.174    -0.270    u_salsa_registers/salsa_hashing_text_ff_reg[511]_1[62]
    SLICE_X35Y65         FDCE                                         r  u_salsa_registers/salsa_hashing_text_ff_reg[62]/D
  -------------------------------------------------------------------    -------------------

                         (clock salsa_top_80mhz_pll_clk rise edge)
                                                      0.000     0.000 r  
    W5                                                0.000     0.000 r  salsa_top_100mhz_clk (IN)
                         net (fo=0)                   0.000     0.000    salsa_top_xilinix_ip_pll/inst/clk_in1
    W5                   IBUF (Prop_ibuf_I_O)         0.414     0.414 r  salsa_top_xilinix_ip_pll/inst/clkin1_ibufg/O
                         net (fo=1, routed)           0.481     0.895    salsa_top_xilinix_ip_pll/inst/clk_in1_clk_wiz_0
    PLLE2_ADV_X1Y0       PLLE2_ADV (Prop_plle2_adv_CLKIN1_CLKOUT0)
                                                     -2.638    -1.743 r  salsa_top_xilinix_ip_pll/inst/plle2_adv_inst/CLKOUT0
                         net (fo=1, routed)           0.546    -1.197    salsa_top_xilinix_ip_pll/inst/clk_out1_clk_wiz_0
    BUFGCTRL_X0Y0        BUFG (Prop_bufg_I_O)         0.029    -1.168 r  salsa_top_xilinix_ip_pll/inst/clkout1_buf/O
                         net (fo=7218, routed)        0.822    -0.346    u_salsa_registers/clk_out1
    SLICE_X35Y65         FDCE                                         r  u_salsa_registers/salsa_hashing_text_ff_reg[62]/C
                         clock pessimism              0.034    -0.311    
    SLICE_X35Y65         FDCE (Hold_fdce_C_D)         0.019    -0.292    u_salsa_registers/salsa_hashing_text_ff_reg[62]
  -------------------------------------------------------------------
                         required time                          0.292    
                         arrival time                          -0.270    
  -------------------------------------------------------------------
                         slack                                  0.022    

Slack (MET) :             0.023ns  (arrival time - required time)
  Source:                 u_salsa_hash_interative_wrapper/u_hash_interative_with_d_r_c/matrix_out_of_duouble_sample_reg[3][3][0]/C
                            (rising edge-triggered cell FDCE clocked by salsa_top_80mhz_pll_clk  {rise@0.000ns fall@6.250ns period=12.500ns})
  Destination:            u_salsa_hash_interative_wrapper/u_hash_interative_with_d_r_c/salsa_dw_matrix_out_reg[3][3][0]/D
                            (rising edge-triggered cell FDCE clocked by salsa_top_80mhz_pll_clk  {rise@0.000ns fall@6.250ns period=12.500ns})
  Path Group:             salsa_top_80mhz_pll_clk
  Path Type:              Hold (Min at Fast Process Corner)
  Requirement:            0.000ns  (salsa_top_80mhz_pll_clk rise@0.000ns - salsa_top_80mhz_pll_clk rise@0.000ns)
  Data Path Delay:        0.295ns  (logic 0.128ns (43.454%)  route 0.167ns (56.546%))
  Logic Levels:           0  
  Clock Path Skew:        0.262ns (DCD - SCD - CPR)
    Destination Clock Delay (DCD):    -0.345ns
    Source Clock Delay      (SCD):    -0.572ns
    Clock Pessimism Removal (CPR):    -0.034ns

    Location             Delay type                Incr(ns)  Path(ns)    Netlist Resource(s)
  -------------------------------------------------------------------    -------------------
                         (clock salsa_top_80mhz_pll_clk rise edge)
                                                      0.000     0.000 r  
    W5                                                0.000     0.000 r  salsa_top_100mhz_clk (IN)
                         net (fo=0)                   0.000     0.000    salsa_top_xilinix_ip_pll/inst/clk_in1
    W5                   IBUF (Prop_ibuf_I_O)         0.226     0.226 r  salsa_top_xilinix_ip_pll/inst/clkin1_ibufg/O
                         net (fo=1, routed)           0.440     0.667    salsa_top_xilinix_ip_pll/inst/clk_in1_clk_wiz_0
    PLLE2_ADV_X1Y0       PLLE2_ADV (Prop_plle2_adv_CLKIN1_CLKOUT0)
                                                     -2.322    -1.656 r  salsa_top_xilinix_ip_pll/inst/plle2_adv_inst/CLKOUT0
                         net (fo=1, routed)           0.501    -1.155    salsa_top_xilinix_ip_pll/inst/clk_out1_clk_wiz_0
    BUFGCTRL_X0Y0        BUFG (Prop_bufg_I_O)         0.026    -1.129 r  salsa_top_xilinix_ip_pll/inst/clkout1_buf/O
                         net (fo=7218, routed)        0.557    -0.572    u_salsa_hash_interative_wrapper/u_hash_interative_with_d_r_c/clk_out1
    SLICE_X35Y33         FDCE                                         r  u_salsa_hash_interative_wrapper/u_hash_interative_with_d_r_c/matrix_out_of_duouble_sample_reg[3][3][0]/C
  -------------------------------------------------------------------    -------------------
    SLICE_X35Y33         FDCE (Prop_fdce_C_Q)         0.128    -0.444 r  u_salsa_hash_interative_wrapper/u_hash_interative_with_d_r_c/matrix_out_of_duouble_sample_reg[3][3][0]/Q
                         net (fo=1, routed)           0.167    -0.278    u_salsa_hash_interative_wrapper/u_hash_interative_with_d_r_c/matrix_out_of_duouble_sample_reg[3][3]_93[0]
    SLICE_X38Y32         FDCE                                         r  u_salsa_hash_interative_wrapper/u_hash_interative_with_d_r_c/salsa_dw_matrix_out_reg[3][3][0]/D
  -------------------------------------------------------------------    -------------------

                         (clock salsa_top_80mhz_pll_clk rise edge)
                                                      0.000     0.000 r  
    W5                                                0.000     0.000 r  salsa_top_100mhz_clk (IN)
                         net (fo=0)                   0.000     0.000    salsa_top_xilinix_ip_pll/inst/clk_in1
    W5                   IBUF (Prop_ibuf_I_O)         0.414     0.414 r  salsa_top_xilinix_ip_pll/inst/clkin1_ibufg/O
                         net (fo=1, routed)           0.481     0.895    salsa_top_xilinix_ip_pll/inst/clk_in1_clk_wiz_0
    PLLE2_ADV_X1Y0       PLLE2_ADV (Prop_plle2_adv_CLKIN1_CLKOUT0)
                                                     -2.638    -1.743 r  salsa_top_xilinix_ip_pll/inst/plle2_adv_inst/CLKOUT0
                         net (fo=1, routed)           0.546    -1.197    salsa_top_xilinix_ip_pll/inst/clk_out1_clk_wiz_0
    BUFGCTRL_X0Y0        BUFG (Prop_bufg_I_O)         0.029    -1.168 r  salsa_top_xilinix_ip_pll/inst/clkout1_buf/O
                         net (fo=7218, routed)        0.824    -0.345    u_salsa_hash_interative_wrapper/u_hash_interative_with_d_r_c/clk_out1
    SLICE_X38Y32         FDCE                                         r  u_salsa_hash_interative_wrapper/u_hash_interative_with_d_r_c/salsa_dw_matrix_out_reg[3][3][0]/C
                         clock pessimism              0.034    -0.310    
    SLICE_X38Y32         FDCE (Hold_fdce_C_D)         0.010    -0.300    u_salsa_hash_interative_wrapper/u_hash_interative_with_d_r_c/salsa_dw_matrix_out_reg[3][3][0]
  -------------------------------------------------------------------
                         required time                          0.300    
                         arrival time                          -0.278    
  -------------------------------------------------------------------
                         slack                                  0.023    

Slack (MET) :             0.024ns  (arrival time - required time)
  Source:                 u_salsa_hash_interative_wrapper/u_hash_interative_with_d_r_c/u_d_r_c_round_interative/matrix_after_row_reg[1][0][20]/C
                            (rising edge-triggered cell FDCE clocked by salsa_top_80mhz_pll_clk  {rise@0.000ns fall@6.250ns period=12.500ns})
  Destination:            u_salsa_hash_interative_wrapper/u_hash_interative_with_d_r_c/u_d_r_c_round_interative/double_dw_matrix_out_reg[1][0][20]/D
                            (rising edge-triggered cell FDCE clocked by salsa_top_80mhz_pll_clk  {rise@0.000ns fall@6.250ns period=12.500ns})
  Path Group:             salsa_top_80mhz_pll_clk
  Path Type:              Hold (Min at Fast Process Corner)
  Requirement:            0.000ns  (salsa_top_80mhz_pll_clk rise@0.000ns - salsa_top_80mhz_pll_clk rise@0.000ns)
  Data Path Delay:        0.358ns  (logic 0.141ns (39.367%)  route 0.217ns (60.633%))
  Logic Levels:           0  
  Clock Path Skew:        0.264ns (DCD - SCD - CPR)
    Destination Clock Delay (DCD):    -0.340ns
    Source Clock Delay      (SCD):    -0.569ns
    Clock Pessimism Removal (CPR):    -0.034ns

    Location             Delay type                Incr(ns)  Path(ns)    Netlist Resource(s)
  -------------------------------------------------------------------    -------------------
                         (clock salsa_top_80mhz_pll_clk rise edge)
                                                      0.000     0.000 r  
    W5                                                0.000     0.000 r  salsa_top_100mhz_clk (IN)
                         net (fo=0)                   0.000     0.000    salsa_top_xilinix_ip_pll/inst/clk_in1
    W5                   IBUF (Prop_ibuf_I_O)         0.226     0.226 r  salsa_top_xilinix_ip_pll/inst/clkin1_ibufg/O
                         net (fo=1, routed)           0.440     0.667    salsa_top_xilinix_ip_pll/inst/clk_in1_clk_wiz_0
    PLLE2_ADV_X1Y0       PLLE2_ADV (Prop_plle2_adv_CLKIN1_CLKOUT0)
                                                     -2.322    -1.656 r  salsa_top_xilinix_ip_pll/inst/plle2_adv_inst/CLKOUT0
                         net (fo=1, routed)           0.501    -1.155    salsa_top_xilinix_ip_pll/inst/clk_out1_clk_wiz_0
    BUFGCTRL_X0Y0        BUFG (Prop_bufg_I_O)         0.026    -1.129 r  salsa_top_xilinix_ip_pll/inst/clkout1_buf/O
                         net (fo=7218, routed)        0.560    -0.569    u_salsa_hash_interative_wrapper/u_hash_interative_with_d_r_c/u_d_r_c_round_interative/clk_out1
    SLICE_X31Y59         FDCE                                         r  u_salsa_hash_interative_wrapper/u_hash_interative_with_d_r_c/u_d_r_c_round_interative/matrix_after_row_reg[1][0][20]/C
  -------------------------------------------------------------------    -------------------
    SLICE_X31Y59         FDCE (Prop_fdce_C_Q)         0.141    -0.428 r  u_salsa_hash_interative_wrapper/u_hash_interative_with_d_r_c/u_d_r_c_round_interative/matrix_after_row_reg[1][0][20]/Q
                         net (fo=1, routed)           0.217    -0.211    u_salsa_hash_interative_wrapper/u_hash_interative_with_d_r_c/u_d_r_c_round_interative/matrix_after_row_reg[1][0]_24[20]
    SLICE_X36Y59         FDCE                                         r  u_salsa_hash_interative_wrapper/u_hash_interative_with_d_r_c/u_d_r_c_round_interative/double_dw_matrix_out_reg[1][0][20]/D
  -------------------------------------------------------------------    -------------------

                         (clock salsa_top_80mhz_pll_clk rise edge)
                                                      0.000     0.000 r  
    W5                                                0.000     0.000 r  salsa_top_100mhz_clk (IN)
                         net (fo=0)                   0.000     0.000    salsa_top_xilinix_ip_pll/inst/clk_in1
    W5                   IBUF (Prop_ibuf_I_O)         0.414     0.414 r  salsa_top_xilinix_ip_pll/inst/clkin1_ibufg/O
                         net (fo=1, routed)           0.481     0.895    salsa_top_xilinix_ip_pll/inst/clk_in1_clk_wiz_0
    PLLE2_ADV_X1Y0       PLLE2_ADV (Prop_plle2_adv_CLKIN1_CLKOUT0)
                                                     -2.638    -1.743 r  salsa_top_xilinix_ip_pll/inst/plle2_adv_inst/CLKOUT0
                         net (fo=1, routed)           0.546    -1.197    salsa_top_xilinix_ip_pll/inst/clk_out1_clk_wiz_0
    BUFGCTRL_X0Y0        BUFG (Prop_bufg_I_O)         0.029    -1.168 r  salsa_top_xilinix_ip_pll/inst/clkout1_buf/O
                         net (fo=7218, routed)        0.828    -0.340    u_salsa_hash_interative_wrapper/u_hash_interative_with_d_r_c/u_d_r_c_round_interative/clk_out1
    SLICE_X36Y59         FDCE                                         r  u_salsa_hash_interative_wrapper/u_hash_interative_with_d_r_c/u_d_r_c_round_interative/double_dw_matrix_out_reg[1][0][20]/C
                         clock pessimism              0.034    -0.305    
    SLICE_X36Y59         FDCE (Hold_fdce_C_D)         0.070    -0.235    u_salsa_hash_interative_wrapper/u_hash_interative_with_d_r_c/u_d_r_c_round_interative/double_dw_matrix_out_reg[1][0][20]
  -------------------------------------------------------------------
                         required time                          0.235    
                         arrival time                          -0.211    
  -------------------------------------------------------------------
                         slack                                  0.024    

Slack (MET) :             0.027ns  (arrival time - required time)
  Source:                 u_salsa_hash_interative_wrapper/u_hash_interative_with_d_r_c/u_d_r_c_round_interative/matrix_in_sample_reg[0][2][16]/C
                            (rising edge-triggered cell FDCE clocked by salsa_top_80mhz_pll_clk  {rise@0.000ns fall@6.250ns period=12.500ns})
  Destination:            u_salsa_hash_interative_wrapper/u_hash_interative_with_d_r_c/u_d_r_c_round_interative/qr_2_in_reg[16]/D
                            (rising edge-triggered cell FDCE clocked by salsa_top_80mhz_pll_clk  {rise@0.000ns fall@6.250ns period=12.500ns})
  Path Group:             salsa_top_80mhz_pll_clk
  Path Type:              Hold (Min at Fast Process Corner)
  Requirement:            0.000ns  (salsa_top_80mhz_pll_clk rise@0.000ns - salsa_top_80mhz_pll_clk rise@0.000ns)
  Data Path Delay:        0.395ns  (logic 0.248ns (62.718%)  route 0.147ns (37.282%))
  Logic Levels:           2  (LUT6=1 MUXF7=1)
  Clock Path Skew:        0.263ns (DCD - SCD - CPR)
    Destination Clock Delay (DCD):    -0.337ns
    Source Clock Delay      (SCD):    -0.565ns
    Clock Pessimism Removal (CPR):    -0.034ns

    Location             Delay type                Incr(ns)  Path(ns)    Netlist Resource(s)
  -------------------------------------------------------------------    -------------------
                         (clock salsa_top_80mhz_pll_clk rise edge)
                                                      0.000     0.000 r  
    W5                                                0.000     0.000 r  salsa_top_100mhz_clk (IN)
                         net (fo=0)                   0.000     0.000    salsa_top_xilinix_ip_pll/inst/clk_in1
    W5                   IBUF (Prop_ibuf_I_O)         0.226     0.226 r  salsa_top_xilinix_ip_pll/inst/clkin1_ibufg/O
                         net (fo=1, routed)           0.440     0.667    salsa_top_xilinix_ip_pll/inst/clk_in1_clk_wiz_0
    PLLE2_ADV_X1Y0       PLLE2_ADV (Prop_plle2_adv_CLKIN1_CLKOUT0)
                                                     -2.322    -1.656 r  salsa_top_xilinix_ip_pll/inst/plle2_adv_inst/CLKOUT0
                         net (fo=1, routed)           0.501    -1.155    salsa_top_xilinix_ip_pll/inst/clk_out1_clk_wiz_0
    BUFGCTRL_X0Y0        BUFG (Prop_bufg_I_O)         0.026    -1.129 r  salsa_top_xilinix_ip_pll/inst/clkout1_buf/O
                         net (fo=7218, routed)        0.564    -0.565    u_salsa_hash_interative_wrapper/u_hash_interative_with_d_r_c/u_d_r_c_round_interative/clk_out1
    SLICE_X37Y47         FDCE                                         r  u_salsa_hash_interative_wrapper/u_hash_interative_with_d_r_c/u_d_r_c_round_interative/matrix_in_sample_reg[0][2][16]/C
  -------------------------------------------------------------------    -------------------
    SLICE_X37Y47         FDCE (Prop_fdce_C_Q)         0.141    -0.424 r  u_salsa_hash_interative_wrapper/u_hash_interative_with_d_r_c/u_d_r_c_round_interative/matrix_in_sample_reg[0][2][16]/Q
                         net (fo=1, routed)           0.147    -0.277    u_salsa_hash_interative_wrapper/u_hash_interative_with_d_r_c/u_d_r_c_round_interative/matrix_in_sample_reg[0][2]_58[16]
    SLICE_X35Y47         LUT6 (Prop_lut6_I1_O)        0.045    -0.232 r  u_salsa_hash_interative_wrapper/u_hash_interative_with_d_r_c/u_d_r_c_round_interative/qr_2_in[16]_i_2/O
                         net (fo=1, routed)           0.000    -0.232    u_salsa_hash_interative_wrapper/u_hash_interative_with_d_r_c/u_d_r_c_round_interative/qr_2_in[16]_i_2_n_0
    SLICE_X35Y47         MUXF7 (Prop_muxf7_I0_O)      0.062    -0.170 r  u_salsa_hash_interative_wrapper/u_hash_interative_with_d_r_c/u_d_r_c_round_interative/qr_2_in_reg[16]_i_1/O
                         net (fo=1, routed)           0.000    -0.170    u_salsa_hash_interative_wrapper/u_hash_interative_with_d_r_c/u_d_r_c_round_interative/qr_2_in[16]
    SLICE_X35Y47         FDCE                                         r  u_salsa_hash_interative_wrapper/u_hash_interative_with_d_r_c/u_d_r_c_round_interative/qr_2_in_reg[16]/D
  -------------------------------------------------------------------    -------------------

                         (clock salsa_top_80mhz_pll_clk rise edge)
                                                      0.000     0.000 r  
    W5                                                0.000     0.000 r  salsa_top_100mhz_clk (IN)
                         net (fo=0)                   0.000     0.000    salsa_top_xilinix_ip_pll/inst/clk_in1
    W5                   IBUF (Prop_ibuf_I_O)         0.414     0.414 r  salsa_top_xilinix_ip_pll/inst/clkin1_ibufg/O
                         net (fo=1, routed)           0.481     0.895    salsa_top_xilinix_ip_pll/inst/clk_in1_clk_wiz_0
    PLLE2_ADV_X1Y0       PLLE2_ADV (Prop_plle2_adv_CLKIN1_CLKOUT0)
                                                     -2.638    -1.743 r  salsa_top_xilinix_ip_pll/inst/plle2_adv_inst/CLKOUT0
                         net (fo=1, routed)           0.546    -1.197    salsa_top_xilinix_ip_pll/inst/clk_out1_clk_wiz_0
    BUFGCTRL_X0Y0        BUFG (Prop_bufg_I_O)         0.029    -1.168 r  salsa_top_xilinix_ip_pll/inst/clkout1_buf/O
                         net (fo=7218, routed)        0.832    -0.337    u_salsa_hash_interative_wrapper/u_hash_interative_with_d_r_c/u_d_r_c_round_interative/clk_out1
    SLICE_X35Y47         FDCE                                         r  u_salsa_hash_interative_wrapper/u_hash_interative_with_d_r_c/u_d_r_c_round_interative/qr_2_in_reg[16]/C
                         clock pessimism              0.034    -0.302    
    SLICE_X35Y47         FDCE (Hold_fdce_C_D)         0.105    -0.197    u_salsa_hash_interative_wrapper/u_hash_interative_with_d_r_c/u_d_r_c_round_interative/qr_2_in_reg[16]
  -------------------------------------------------------------------
                         required time                          0.197    
                         arrival time                          -0.170    
  -------------------------------------------------------------------
                         slack                                  0.027    

Slack (MET) :             0.028ns  (arrival time - required time)
  Source:                 u_salsa_hash_interative_wrapper/u_hash_interative_with_d_r_c/matrix_in2_duouble_reg[3][0][25]/C
                            (rising edge-triggered cell FDCE clocked by salsa_top_80mhz_pll_clk  {rise@0.000ns fall@6.250ns period=12.500ns})
  Destination:            u_salsa_hash_interative_wrapper/u_hash_interative_with_d_r_c/u_d_r_c_round_interative/matrix_in_sample_reg[3][0][25]/D
                            (rising edge-triggered cell FDCE clocked by salsa_top_80mhz_pll_clk  {rise@0.000ns fall@6.250ns period=12.500ns})
  Path Group:             salsa_top_80mhz_pll_clk
  Path Type:              Hold (Min at Fast Process Corner)
  Requirement:            0.000ns  (salsa_top_80mhz_pll_clk rise@0.000ns - salsa_top_80mhz_pll_clk rise@0.000ns)
  Data Path Delay:        0.311ns  (logic 0.128ns (41.208%)  route 0.183ns (58.792%))
  Logic Levels:           0  
  Clock Path Skew:        0.265ns (DCD - SCD - CPR)
    Destination Clock Delay (DCD):    -0.340ns
    Source Clock Delay      (SCD):    -0.570ns
    Clock Pessimism Removal (CPR):    -0.034ns

    Location             Delay type                Incr(ns)  Path(ns)    Netlist Resource(s)
  -------------------------------------------------------------------    -------------------
                         (clock salsa_top_80mhz_pll_clk rise edge)
                                                      0.000     0.000 r  
    W5                                                0.000     0.000 r  salsa_top_100mhz_clk (IN)
                         net (fo=0)                   0.000     0.000    salsa_top_xilinix_ip_pll/inst/clk_in1
    W5                   IBUF (Prop_ibuf_I_O)         0.226     0.226 r  salsa_top_xilinix_ip_pll/inst/clkin1_ibufg/O
                         net (fo=1, routed)           0.440     0.667    salsa_top_xilinix_ip_pll/inst/clk_in1_clk_wiz_0
    PLLE2_ADV_X1Y0       PLLE2_ADV (Prop_plle2_adv_CLKIN1_CLKOUT0)
                                                     -2.322    -1.656 r  salsa_top_xilinix_ip_pll/inst/plle2_adv_inst/CLKOUT0
                         net (fo=1, routed)           0.501    -1.155    salsa_top_xilinix_ip_pll/inst/clk_out1_clk_wiz_0
    BUFGCTRL_X0Y0        BUFG (Prop_bufg_I_O)         0.026    -1.129 r  salsa_top_xilinix_ip_pll/inst/clkout1_buf/O
                         net (fo=7218, routed)        0.559    -0.570    u_salsa_hash_interative_wrapper/u_hash_interative_with_d_r_c/clk_out1
    SLICE_X37Y60         FDCE                                         r  u_salsa_hash_interative_wrapper/u_hash_interative_with_d_r_c/matrix_in2_duouble_reg[3][0][25]/C
  -------------------------------------------------------------------    -------------------
    SLICE_X37Y60         FDCE (Prop_fdce_C_Q)         0.128    -0.442 r  u_salsa_hash_interative_wrapper/u_hash_interative_with_d_r_c/matrix_in2_duouble_reg[3][0][25]/Q
                         net (fo=1, routed)           0.183    -0.260    u_salsa_hash_interative_wrapper/u_hash_interative_with_d_r_c/u_d_r_c_round_interative/matrix_in_sample_reg[3][0][31]_0[25]
    SLICE_X33Y59         FDCE                                         r  u_salsa_hash_interative_wrapper/u_hash_interative_with_d_r_c/u_d_r_c_round_interative/matrix_in_sample_reg[3][0][25]/D
  -------------------------------------------------------------------    -------------------

                         (clock salsa_top_80mhz_pll_clk rise edge)
                                                      0.000     0.000 r  
    W5                                                0.000     0.000 r  salsa_top_100mhz_clk (IN)
                         net (fo=0)                   0.000     0.000    salsa_top_xilinix_ip_pll/inst/clk_in1
    W5                   IBUF (Prop_ibuf_I_O)         0.414     0.414 r  salsa_top_xilinix_ip_pll/inst/clkin1_ibufg/O
                         net (fo=1, routed)           0.481     0.895    salsa_top_xilinix_ip_pll/inst/clk_in1_clk_wiz_0
    PLLE2_ADV_X1Y0       PLLE2_ADV (Prop_plle2_adv_CLKIN1_CLKOUT0)
                                                     -2.638    -1.743 r  salsa_top_xilinix_ip_pll/inst/plle2_adv_inst/CLKOUT0
                         net (fo=1, routed)           0.546    -1.197    salsa_top_xilinix_ip_pll/inst/clk_out1_clk_wiz_0
    BUFGCTRL_X0Y0        BUFG (Prop_bufg_I_O)         0.029    -1.168 r  salsa_top_xilinix_ip_pll/inst/clkout1_buf/O
                         net (fo=7218, routed)        0.828    -0.340    u_salsa_hash_interative_wrapper/u_hash_interative_with_d_r_c/u_d_r_c_round_interative/clk_out1
    SLICE_X33Y59         FDCE                                         r  u_salsa_hash_interative_wrapper/u_hash_interative_with_d_r_c/u_d_r_c_round_interative/matrix_in_sample_reg[3][0][25]/C
                         clock pessimism              0.034    -0.305    
    SLICE_X33Y59         FDCE (Hold_fdce_C_D)         0.018    -0.287    u_salsa_hash_interative_wrapper/u_hash_interative_with_d_r_c/u_d_r_c_round_interative/matrix_in_sample_reg[3][0][25]
  -------------------------------------------------------------------
                         required time                          0.287    
                         arrival time                          -0.260    
  -------------------------------------------------------------------
                         slack                                  0.028    

Slack (MET) :             0.029ns  (arrival time - required time)
  Source:                 u_salsa_hash_interative_wrapper/u_hash_interative_with_d_r_c/matrix_in2_duouble_reg[3][0][22]/C
                            (rising edge-triggered cell FDCE clocked by salsa_top_80mhz_pll_clk  {rise@0.000ns fall@6.250ns period=12.500ns})
  Destination:            u_salsa_hash_interative_wrapper/u_hash_interative_with_d_r_c/u_d_r_c_round_interative/matrix_in_sample_reg[3][0][22]/D
                            (rising edge-triggered cell FDCE clocked by salsa_top_80mhz_pll_clk  {rise@0.000ns fall@6.250ns period=12.500ns})
  Path Group:             salsa_top_80mhz_pll_clk
  Path Type:              Hold (Min at Fast Process Corner)
  Requirement:            0.000ns  (salsa_top_80mhz_pll_clk rise@0.000ns - salsa_top_80mhz_pll_clk rise@0.000ns)
  Data Path Delay:        0.369ns  (logic 0.141ns (38.261%)  route 0.228ns (61.739%))
  Logic Levels:           0  
  Clock Path Skew:        0.262ns (DCD - SCD - CPR)
    Destination Clock Delay (DCD):    -0.341ns
    Source Clock Delay      (SCD):    -0.568ns
    Clock Pessimism Removal (CPR):    -0.034ns

    Location             Delay type                Incr(ns)  Path(ns)    Netlist Resource(s)
  -------------------------------------------------------------------    -------------------
                         (clock salsa_top_80mhz_pll_clk rise edge)
                                                      0.000     0.000 r  
    W5                                                0.000     0.000 r  salsa_top_100mhz_clk (IN)
                         net (fo=0)                   0.000     0.000    salsa_top_xilinix_ip_pll/inst/clk_in1
    W5                   IBUF (Prop_ibuf_I_O)         0.226     0.226 r  salsa_top_xilinix_ip_pll/inst/clkin1_ibufg/O
                         net (fo=1, routed)           0.440     0.667    salsa_top_xilinix_ip_pll/inst/clk_in1_clk_wiz_0
    PLLE2_ADV_X1Y0       PLLE2_ADV (Prop_plle2_adv_CLKIN1_CLKOUT0)
                                                     -2.322    -1.656 r  salsa_top_xilinix_ip_pll/inst/plle2_adv_inst/CLKOUT0
                         net (fo=1, routed)           0.501    -1.155    salsa_top_xilinix_ip_pll/inst/clk_out1_clk_wiz_0
    BUFGCTRL_X0Y0        BUFG (Prop_bufg_I_O)         0.026    -1.129 r  salsa_top_xilinix_ip_pll/inst/clkout1_buf/O
                         net (fo=7218, routed)        0.561    -0.568    u_salsa_hash_interative_wrapper/u_hash_interative_with_d_r_c/clk_out1
    SLICE_X43Y56         FDCE                                         r  u_salsa_hash_interative_wrapper/u_hash_interative_with_d_r_c/matrix_in2_duouble_reg[3][0][22]/C
  -------------------------------------------------------------------    -------------------
    SLICE_X43Y56         FDCE (Prop_fdce_C_Q)         0.141    -0.427 r  u_salsa_hash_interative_wrapper/u_hash_interative_with_d_r_c/matrix_in2_duouble_reg[3][0][22]/Q
                         net (fo=1, routed)           0.228    -0.200    u_salsa_hash_interative_wrapper/u_hash_interative_with_d_r_c/u_d_r_c_round_interative/matrix_in_sample_reg[3][0][31]_0[22]
    SLICE_X35Y57         FDCE                                         r  u_salsa_hash_interative_wrapper/u_hash_interative_with_d_r_c/u_d_r_c_round_interative/matrix_in_sample_reg[3][0][22]/D
  -------------------------------------------------------------------    -------------------

                         (clock salsa_top_80mhz_pll_clk rise edge)
                                                      0.000     0.000 r  
    W5                                                0.000     0.000 r  salsa_top_100mhz_clk (IN)
                         net (fo=0)                   0.000     0.000    salsa_top_xilinix_ip_pll/inst/clk_in1
    W5                   IBUF (Prop_ibuf_I_O)         0.414     0.414 r  salsa_top_xilinix_ip_pll/inst/clkin1_ibufg/O
                         net (fo=1, routed)           0.481     0.895    salsa_top_xilinix_ip_pll/inst/clk_in1_clk_wiz_0
    PLLE2_ADV_X1Y0       PLLE2_ADV (Prop_plle2_adv_CLKIN1_CLKOUT0)
                                                     -2.638    -1.743 r  salsa_top_xilinix_ip_pll/inst/plle2_adv_inst/CLKOUT0
                         net (fo=1, routed)           0.546    -1.197    salsa_top_xilinix_ip_pll/inst/clk_out1_clk_wiz_0
    BUFGCTRL_X0Y0        BUFG (Prop_bufg_I_O)         0.029    -1.168 r  salsa_top_xilinix_ip_pll/inst/clkout1_buf/O
                         net (fo=7218, routed)        0.827    -0.341    u_salsa_hash_interative_wrapper/u_hash_interative_with_d_r_c/u_d_r_c_round_interative/clk_out1
    SLICE_X35Y57         FDCE                                         r  u_salsa_hash_interative_wrapper/u_hash_interative_with_d_r_c/u_d_r_c_round_interative/matrix_in_sample_reg[3][0][22]/C
                         clock pessimism              0.034    -0.306    
    SLICE_X35Y57         FDCE (Hold_fdce_C_D)         0.078    -0.228    u_salsa_hash_interative_wrapper/u_hash_interative_with_d_r_c/u_d_r_c_round_interative/matrix_in_sample_reg[3][0][22]
  -------------------------------------------------------------------
                         required time                          0.228    
                         arrival time                          -0.200    
  -------------------------------------------------------------------
                         slack                                  0.029    

Slack (MET) :             0.029ns  (arrival time - required time)
  Source:                 u_salsa_hash_interative_wrapper/u_hash_interative_with_d_r_c/u_d_r_c_round_interative/matrix_after_row_reg[2][0][31]/C
                            (rising edge-triggered cell FDCE clocked by salsa_top_80mhz_pll_clk  {rise@0.000ns fall@6.250ns period=12.500ns})
  Destination:            u_salsa_hash_interative_wrapper/u_hash_interative_with_d_r_c/u_d_r_c_round_interative/double_dw_matrix_out_reg[2][0][31]/D
                            (rising edge-triggered cell FDCE clocked by salsa_top_80mhz_pll_clk  {rise@0.000ns fall@6.250ns period=12.500ns})
  Path Group:             salsa_top_80mhz_pll_clk
  Path Type:              Hold (Min at Fast Process Corner)
  Requirement:            0.000ns  (salsa_top_80mhz_pll_clk rise@0.000ns - salsa_top_80mhz_pll_clk rise@0.000ns)
  Data Path Delay:        0.369ns  (logic 0.141ns (38.224%)  route 0.228ns (61.776%))
  Logic Levels:           0  
  Clock Path Skew:        0.265ns (DCD - SCD - CPR)
    Destination Clock Delay (DCD):    -0.340ns
    Source Clock Delay      (SCD):    -0.570ns
    Clock Pessimism Removal (CPR):    -0.034ns

    Location             Delay type                Incr(ns)  Path(ns)    Netlist Resource(s)
  -------------------------------------------------------------------    -------------------
                         (clock salsa_top_80mhz_pll_clk rise edge)
                                                      0.000     0.000 r  
    W5                                                0.000     0.000 r  salsa_top_100mhz_clk (IN)
                         net (fo=0)                   0.000     0.000    salsa_top_xilinix_ip_pll/inst/clk_in1
    W5                   IBUF (Prop_ibuf_I_O)         0.226     0.226 r  salsa_top_xilinix_ip_pll/inst/clkin1_ibufg/O
                         net (fo=1, routed)           0.440     0.667    salsa_top_xilinix_ip_pll/inst/clk_in1_clk_wiz_0
    PLLE2_ADV_X1Y0       PLLE2_ADV (Prop_plle2_adv_CLKIN1_CLKOUT0)
                                                     -2.322    -1.656 r  salsa_top_xilinix_ip_pll/inst/plle2_adv_inst/CLKOUT0
                         net (fo=1, routed)           0.501    -1.155    salsa_top_xilinix_ip_pll/inst/clk_out1_clk_wiz_0
    BUFGCTRL_X0Y0        BUFG (Prop_bufg_I_O)         0.026    -1.129 r  salsa_top_xilinix_ip_pll/inst/clkout1_buf/O
                         net (fo=7218, routed)        0.559    -0.570    u_salsa_hash_interative_wrapper/u_hash_interative_with_d_r_c/u_d_r_c_round_interative/clk_out1
    SLICE_X33Y61         FDCE                                         r  u_salsa_hash_interative_wrapper/u_hash_interative_with_d_r_c/u_d_r_c_round_interative/matrix_after_row_reg[2][0][31]/C
  -------------------------------------------------------------------    -------------------
    SLICE_X33Y61         FDCE (Prop_fdce_C_Q)         0.141    -0.429 r  u_salsa_hash_interative_wrapper/u_hash_interative_with_d_r_c/u_d_r_c_round_interative/matrix_after_row_reg[2][0][31]/Q
                         net (fo=1, routed)           0.228    -0.201    u_salsa_hash_interative_wrapper/u_hash_interative_with_d_r_c/u_d_r_c_round_interative/matrix_after_row_reg[2][0]_32[31]
    SLICE_X36Y59         FDCE                                         r  u_salsa_hash_interative_wrapper/u_hash_interative_with_d_r_c/u_d_r_c_round_interative/double_dw_matrix_out_reg[2][0][31]/D
  -------------------------------------------------------------------    -------------------

                         (clock salsa_top_80mhz_pll_clk rise edge)
                                                      0.000     0.000 r  
    W5                                                0.000     0.000 r  salsa_top_100mhz_clk (IN)
                         net (fo=0)                   0.000     0.000    salsa_top_xilinix_ip_pll/inst/clk_in1
    W5                   IBUF (Prop_ibuf_I_O)         0.414     0.414 r  salsa_top_xilinix_ip_pll/inst/clkin1_ibufg/O
                         net (fo=1, routed)           0.481     0.895    salsa_top_xilinix_ip_pll/inst/clk_in1_clk_wiz_0
    PLLE2_ADV_X1Y0       PLLE2_ADV (Prop_plle2_adv_CLKIN1_CLKOUT0)
                                                     -2.638    -1.743 r  salsa_top_xilinix_ip_pll/inst/plle2_adv_inst/CLKOUT0
                         net (fo=1, routed)           0.546    -1.197    salsa_top_xilinix_ip_pll/inst/clk_out1_clk_wiz_0
    BUFGCTRL_X0Y0        BUFG (Prop_bufg_I_O)         0.029    -1.168 r  salsa_top_xilinix_ip_pll/inst/clkout1_buf/O
                         net (fo=7218, routed)        0.828    -0.340    u_salsa_hash_interative_wrapper/u_hash_interative_with_d_r_c/u_d_r_c_round_interative/clk_out1
    SLICE_X36Y59         FDCE                                         r  u_salsa_hash_interative_wrapper/u_hash_interative_with_d_r_c/u_d_r_c_round_interative/double_dw_matrix_out_reg[2][0][31]/C
                         clock pessimism              0.034    -0.305    
    SLICE_X36Y59         FDCE (Hold_fdce_C_D)         0.075    -0.230    u_salsa_hash_interative_wrapper/u_hash_interative_with_d_r_c/u_d_r_c_round_interative/double_dw_matrix_out_reg[2][0][31]
  -------------------------------------------------------------------
                         required time                          0.230    
                         arrival time                          -0.201    
  -------------------------------------------------------------------
                         slack                                  0.029    





Pulse Width Checks
--------------------------------------------------------------------------------------
Clock Name:         salsa_top_80mhz_pll_clk
Waveform(ns):       { 0.000 6.250 }
Period(ns):         12.500
Sources:            { salsa_top_xilinix_ip_pll/clk_out1 }

Check Type        Corner  Lib Pin  Reference Pin  Required(ns)  Actual(ns)  Slack(ns)  Location      Pin
Min Period        n/a     FDPE/C   n/a            1.000         12.500      11.500     SLICE_X64Y39  u_salsa_fsm/FSM_onehot_salsa_fsm_ps_reg[0]/C
Min Period        n/a     FDCE/C   n/a            1.000         12.500      11.500     SLICE_X64Y39  u_salsa_fsm/FSM_onehot_salsa_fsm_ps_reg[1]/C
Min Period        n/a     FDCE/C   n/a            1.000         12.500      11.500     SLICE_X64Y39  u_salsa_fsm/FSM_onehot_salsa_fsm_ps_reg[2]/C
Min Period        n/a     FDCE/C   n/a            1.000         12.500      11.500     SLICE_X64Y37  u_salsa_fsm/FSM_onehot_salsa_fsm_ps_reg[3]/C
Min Period        n/a     FDCE/C   n/a            1.000         12.500      11.500     SLICE_X65Y37  u_salsa_fsm/FSM_onehot_salsa_fsm_ps_reg[4]/C
Min Period        n/a     FDCE/C   n/a            1.000         12.500      11.500     SLICE_X64Y37  u_salsa_fsm/FSM_onehot_salsa_fsm_ps_reg[5]/C
Min Period        n/a     FDCE/C   n/a            1.000         12.500      11.500     SLICE_X64Y38  u_salsa_fsm/FSM_onehot_salsa_fsm_ps_reg[6]/C
Min Period        n/a     FDCE/C   n/a            1.000         12.500      11.500     SLICE_X65Y39  u_salsa_fsm/FSM_onehot_salsa_fsm_ps_reg[7]/C
Min Period        n/a     FDCE/C   n/a            1.000         12.500      11.500     SLICE_X64Y37  u_salsa_fsm/FSM_onehot_salsa_fsm_ps_reg[8]/C
Min Period        n/a     FDCE/C   n/a            1.000         12.500      11.500     SLICE_X64Y37  u_salsa_fsm/FSM_onehot_salsa_fsm_ps_reg[9]/C
Low Pulse Width   Slow    FDPE/C   n/a            0.500         6.250       5.750      SLICE_X64Y39  u_salsa_fsm/FSM_onehot_salsa_fsm_ps_reg[0]/C
Low Pulse Width   Fast    FDPE/C   n/a            0.500         6.250       5.750      SLICE_X64Y39  u_salsa_fsm/FSM_onehot_salsa_fsm_ps_reg[0]/C
Low Pulse Width   Slow    FDCE/C   n/a            0.500         6.250       5.750      SLICE_X64Y39  u_salsa_fsm/FSM_onehot_salsa_fsm_ps_reg[1]/C
Low Pulse Width   Fast    FDCE/C   n/a            0.500         6.250       5.750      SLICE_X64Y39  u_salsa_fsm/FSM_onehot_salsa_fsm_ps_reg[1]/C
Low Pulse Width   Slow    FDCE/C   n/a            0.500         6.250       5.750      SLICE_X64Y39  u_salsa_fsm/FSM_onehot_salsa_fsm_ps_reg[2]/C
Low Pulse Width   Fast    FDCE/C   n/a            0.500         6.250       5.750      SLICE_X64Y39  u_salsa_fsm/FSM_onehot_salsa_fsm_ps_reg[2]/C
Low Pulse Width   Slow    FDCE/C   n/a            0.500         6.250       5.750      SLICE_X64Y37  u_salsa_fsm/FSM_onehot_salsa_fsm_ps_reg[3]/C
Low Pulse Width   Fast    FDCE/C   n/a            0.500         6.250       5.750      SLICE_X64Y37  u_salsa_fsm/FSM_onehot_salsa_fsm_ps_reg[3]/C
Low Pulse Width   Slow    FDCE/C   n/a            0.500         6.250       5.750      SLICE_X65Y37  u_salsa_fsm/FSM_onehot_salsa_fsm_ps_reg[4]/C
Low Pulse Width   Fast    FDCE/C   n/a            0.500         6.250       5.750      SLICE_X65Y37  u_salsa_fsm/FSM_onehot_salsa_fsm_ps_reg[4]/C
High Pulse Width  Slow    FDPE/C   n/a            0.500         6.250       5.750      SLICE_X64Y39  u_salsa_fsm/FSM_onehot_salsa_fsm_ps_reg[0]/C
High Pulse Width  Fast    FDPE/C   n/a            0.500         6.250       5.750      SLICE_X64Y39  u_salsa_fsm/FSM_onehot_salsa_fsm_ps_reg[0]/C
High Pulse Width  Slow    FDCE/C   n/a            0.500         6.250       5.750      SLICE_X64Y39  u_salsa_fsm/FSM_onehot_salsa_fsm_ps_reg[1]/C
High Pulse Width  Fast    FDCE/C   n/a            0.500         6.250       5.750      SLICE_X64Y39  u_salsa_fsm/FSM_onehot_salsa_fsm_ps_reg[1]/C
High Pulse Width  Slow    FDCE/C   n/a            0.500         6.250       5.750      SLICE_X64Y39  u_salsa_fsm/FSM_onehot_salsa_fsm_ps_reg[2]/C
High Pulse Width  Fast    FDCE/C   n/a            0.500         6.250       5.750      SLICE_X64Y39  u_salsa_fsm/FSM_onehot_salsa_fsm_ps_reg[2]/C
High Pulse Width  Slow    FDCE/C   n/a            0.500         6.250       5.750      SLICE_X64Y37  u_salsa_fsm/FSM_onehot_salsa_fsm_ps_reg[3]/C
High Pulse Width  Fast    FDCE/C   n/a            0.500         6.250       5.750      SLICE_X64Y37  u_salsa_fsm/FSM_onehot_salsa_fsm_ps_reg[3]/C
High Pulse Width  Slow    FDCE/C   n/a            0.500         6.250       5.750      SLICE_X65Y37  u_salsa_fsm/FSM_onehot_salsa_fsm_ps_reg[4]/C
High Pulse Width  Fast    FDCE/C   n/a            0.500         6.250       5.750      SLICE_X65Y37  u_salsa_fsm/FSM_onehot_salsa_fsm_ps_reg[4]/C



---------------------------------------------------------------------------------------------------
Path Group:  **async_default**
From Clock:  salsa_top_80mhz_pll_clk
  To Clock:  salsa_top_80mhz_pll_clk

Setup :            0  Failing Endpoints,  Worst Slack        3.221ns,  Total Violation        0.000ns
Hold  :            0  Failing Endpoints,  Worst Slack        0.449ns,  Total Violation        0.000ns
---------------------------------------------------------------------------------------------------


Max Delay Paths
--------------------------------------------------------------------------------------
Slack (MET) :             3.221ns  (required time - arrival time)
  Source:                 salsa_top_rst_n
                            (input port clocked by salsa_top_80mhz_pll_clk  {rise@0.000ns fall@6.250ns period=12.500ns})
  Destination:            u_salsa_hash_interative_wrapper/u_hash_interative_with_d_r_c/u_d_r_c_round_interative/matrix_in_sample_reg[0][0][2]/CLR
                            (recovery check against rising-edge clock salsa_top_80mhz_pll_clk  {rise@0.000ns fall@6.250ns period=12.500ns})
  Path Group:             **async_default**
  Path Type:              Recovery (Max at Slow Process Corner)
  Requirement:            12.500ns  (salsa_top_80mhz_pll_clk rise@12.500ns - salsa_top_80mhz_pll_clk rise@0.000ns)
  Data Path Delay:        10.166ns  (logic 1.580ns (15.544%)  route 8.585ns (84.456%))
  Logic Levels:           2  (IBUF=1 LUT1=1)
  Input Delay:            0.000ns
  Clock Path Skew:        1.438ns (DCD - SCD + CPR)
    Destination Clock Delay (DCD):    -2.075ns = ( 10.425 - 12.500 ) 
    Source Clock Delay      (SCD):    -4.019ns
    Clock Pessimism Removal (CPR):    -0.505ns
  Clock Uncertainty:      0.147ns  ((TSJ^2 + DJ^2)^1/2) / 2 + PE
    Total System Jitter     (TSJ):    0.071ns
    Discrete Jitter          (DJ):    0.286ns
    Phase Error              (PE):    0.000ns

    Location             Delay type                Incr(ns)  Path(ns)    Netlist Resource(s)
  -------------------------------------------------------------------    -------------------
                         (clock salsa_top_80mhz_pll_clk rise edge)
                                                      0.000     0.000 r  
    W5                                                0.000     0.000 r  salsa_top_100mhz_clk (IN)
                         net (fo=0)                   0.000     0.000    salsa_top_xilinix_ip_pll/inst/clk_in1
    W5                   IBUF (Prop_ibuf_I_O)         1.458     1.458 r  salsa_top_xilinix_ip_pll/inst/clkin1_ibufg/O
                         net (fo=1, routed)           1.253     2.711    salsa_top_xilinix_ip_pll/inst/clk_in1_clk_wiz_0
    PLLE2_ADV_X1Y0       PLLE2_ADV (Prop_plle2_adv_CLKIN1_CLKOUT0)
                                                     -8.482    -5.770 r  salsa_top_xilinix_ip_pll/inst/plle2_adv_inst/CLKOUT0
                         net (fo=1, routed)           1.655    -4.115    salsa_top_xilinix_ip_pll/inst/clk_out1_clk_wiz_0
    BUFGCTRL_X0Y0        BUFG (Prop_bufg_I_O)         0.096    -4.019 r  salsa_top_xilinix_ip_pll/inst/clkout1_buf/O
  -------------------------------------------------------------------    -------------------
                         input delay                  0.000    -4.019    
    R2                                                0.000    -4.019 r  salsa_top_rst_n (IN)
                         net (fo=0)                   0.000    -4.019    salsa_top_rst_n
    R2                   IBUF (Prop_ibuf_I_O)         1.456    -2.563 r  salsa_top_rst_n_IBUF_inst/O
                         net (fo=5, routed)           2.154    -0.409    u_salsa_hash_interative_wrapper/salsa_top_rst_n_IBUF
    SLICE_X64Y59         LUT1 (Prop_lut1_I0_O)        0.124    -0.285 f  u_salsa_hash_interative_wrapper/FSM_sequential_d_r_c_fsm_ps[2]_i_2/O
                         net (fo=7210, routed)        6.431     6.147    u_salsa_hash_interative_wrapper/u_hash_interative_with_d_r_c/u_d_r_c_round_interative/matrix_after_col_reg[3][1][0]_0
    SLICE_X32Y33         FDCE                                         f  u_salsa_hash_interative_wrapper/u_hash_interative_with_d_r_c/u_d_r_c_round_interative/matrix_in_sample_reg[0][0][2]/CLR
  -------------------------------------------------------------------    -------------------

                         (clock salsa_top_80mhz_pll_clk rise edge)
                                                     12.500    12.500 r  
    W5                                                0.000    12.500 r  salsa_top_100mhz_clk (IN)
                         net (fo=0)                   0.000    12.500    salsa_top_xilinix_ip_pll/inst/clk_in1
    W5                   IBUF (Prop_ibuf_I_O)         1.388    13.888 r  salsa_top_xilinix_ip_pll/inst/clkin1_ibufg/O
                         net (fo=1, routed)           1.181    15.069    salsa_top_xilinix_ip_pll/inst/clk_in1_clk_wiz_0
    PLLE2_ADV_X1Y0       PLLE2_ADV (Prop_plle2_adv_CLKIN1_CLKOUT0)
                                                     -7.750     7.319 r  salsa_top_xilinix_ip_pll/inst/plle2_adv_inst/CLKOUT0
                         net (fo=1, routed)           1.576     8.896    salsa_top_xilinix_ip_pll/inst/clk_out1_clk_wiz_0
    BUFGCTRL_X0Y0        BUFG (Prop_bufg_I_O)         0.091     8.987 r  salsa_top_xilinix_ip_pll/inst/clkout1_buf/O
                         net (fo=7218, routed)        1.438    10.425    u_salsa_hash_interative_wrapper/u_hash_interative_with_d_r_c/u_d_r_c_round_interative/clk_out1
    SLICE_X32Y33         FDCE                                         r  u_salsa_hash_interative_wrapper/u_hash_interative_with_d_r_c/u_d_r_c_round_interative/matrix_in_sample_reg[0][0][2]/C
                         clock pessimism             -0.505     9.919    
                         clock uncertainty           -0.147     9.772    
    SLICE_X32Y33         FDCE (Recov_fdce_C_CLR)     -0.405     9.367    u_salsa_hash_interative_wrapper/u_hash_interative_with_d_r_c/u_d_r_c_round_interative/matrix_in_sample_reg[0][0][2]
  -------------------------------------------------------------------
                         required time                          9.367    
                         arrival time                          -6.147    
  -------------------------------------------------------------------
                         slack                                  3.221    

Slack (MET) :             3.221ns  (required time - arrival time)
  Source:                 salsa_top_rst_n
                            (input port clocked by salsa_top_80mhz_pll_clk  {rise@0.000ns fall@6.250ns period=12.500ns})
  Destination:            u_salsa_hash_interative_wrapper/u_hash_interative_with_d_r_c/u_d_r_c_round_interative/matrix_in_sample_reg[1][1][15]/CLR
                            (recovery check against rising-edge clock salsa_top_80mhz_pll_clk  {rise@0.000ns fall@6.250ns period=12.500ns})
  Path Group:             **async_default**
  Path Type:              Recovery (Max at Slow Process Corner)
  Requirement:            12.500ns  (salsa_top_80mhz_pll_clk rise@12.500ns - salsa_top_80mhz_pll_clk rise@0.000ns)
  Data Path Delay:        10.166ns  (logic 1.580ns (15.544%)  route 8.585ns (84.456%))
  Logic Levels:           2  (IBUF=1 LUT1=1)
  Input Delay:            0.000ns
  Clock Path Skew:        1.438ns (DCD - SCD + CPR)
    Destination Clock Delay (DCD):    -2.075ns = ( 10.425 - 12.500 ) 
    Source Clock Delay      (SCD):    -4.019ns
    Clock Pessimism Removal (CPR):    -0.505ns
  Clock Uncertainty:      0.147ns  ((TSJ^2 + DJ^2)^1/2) / 2 + PE
    Total System Jitter     (TSJ):    0.071ns
    Discrete Jitter          (DJ):    0.286ns
    Phase Error              (PE):    0.000ns

    Location             Delay type                Incr(ns)  Path(ns)    Netlist Resource(s)
  -------------------------------------------------------------------    -------------------
                         (clock salsa_top_80mhz_pll_clk rise edge)
                                                      0.000     0.000 r  
    W5                                                0.000     0.000 r  salsa_top_100mhz_clk (IN)
                         net (fo=0)                   0.000     0.000    salsa_top_xilinix_ip_pll/inst/clk_in1
    W5                   IBUF (Prop_ibuf_I_O)         1.458     1.458 r  salsa_top_xilinix_ip_pll/inst/clkin1_ibufg/O
                         net (fo=1, routed)           1.253     2.711    salsa_top_xilinix_ip_pll/inst/clk_in1_clk_wiz_0
    PLLE2_ADV_X1Y0       PLLE2_ADV (Prop_plle2_adv_CLKIN1_CLKOUT0)
                                                     -8.482    -5.770 r  salsa_top_xilinix_ip_pll/inst/plle2_adv_inst/CLKOUT0
                         net (fo=1, routed)           1.655    -4.115    salsa_top_xilinix_ip_pll/inst/clk_out1_clk_wiz_0
    BUFGCTRL_X0Y0        BUFG (Prop_bufg_I_O)         0.096    -4.019 r  salsa_top_xilinix_ip_pll/inst/clkout1_buf/O
  -------------------------------------------------------------------    -------------------
                         input delay                  0.000    -4.019    
    R2                                                0.000    -4.019 r  salsa_top_rst_n (IN)
                         net (fo=0)                   0.000    -4.019    salsa_top_rst_n
    R2                   IBUF (Prop_ibuf_I_O)         1.456    -2.563 r  salsa_top_rst_n_IBUF_inst/O
                         net (fo=5, routed)           2.154    -0.409    u_salsa_hash_interative_wrapper/salsa_top_rst_n_IBUF
    SLICE_X64Y59         LUT1 (Prop_lut1_I0_O)        0.124    -0.285 f  u_salsa_hash_interative_wrapper/FSM_sequential_d_r_c_fsm_ps[2]_i_2/O
                         net (fo=7210, routed)        6.431     6.147    u_salsa_hash_interative_wrapper/u_hash_interative_with_d_r_c/u_d_r_c_round_interative/matrix_after_col_reg[3][1][0]_0
    SLICE_X32Y33         FDCE                                         f  u_salsa_hash_interative_wrapper/u_hash_interative_with_d_r_c/u_d_r_c_round_interative/matrix_in_sample_reg[1][1][15]/CLR
  -------------------------------------------------------------------    -------------------

                         (clock salsa_top_80mhz_pll_clk rise edge)
                                                     12.500    12.500 r  
    W5                                                0.000    12.500 r  salsa_top_100mhz_clk (IN)
                         net (fo=0)                   0.000    12.500    salsa_top_xilinix_ip_pll/inst/clk_in1
    W5                   IBUF (Prop_ibuf_I_O)         1.388    13.888 r  salsa_top_xilinix_ip_pll/inst/clkin1_ibufg/O
                         net (fo=1, routed)           1.181    15.069    salsa_top_xilinix_ip_pll/inst/clk_in1_clk_wiz_0
    PLLE2_ADV_X1Y0       PLLE2_ADV (Prop_plle2_adv_CLKIN1_CLKOUT0)
                                                     -7.750     7.319 r  salsa_top_xilinix_ip_pll/inst/plle2_adv_inst/CLKOUT0
                         net (fo=1, routed)           1.576     8.896    salsa_top_xilinix_ip_pll/inst/clk_out1_clk_wiz_0
    BUFGCTRL_X0Y0        BUFG (Prop_bufg_I_O)         0.091     8.987 r  salsa_top_xilinix_ip_pll/inst/clkout1_buf/O
                         net (fo=7218, routed)        1.438    10.425    u_salsa_hash_interative_wrapper/u_hash_interative_with_d_r_c/u_d_r_c_round_interative/clk_out1
    SLICE_X32Y33         FDCE                                         r  u_salsa_hash_interative_wrapper/u_hash_interative_with_d_r_c/u_d_r_c_round_interative/matrix_in_sample_reg[1][1][15]/C
                         clock pessimism             -0.505     9.919    
                         clock uncertainty           -0.147     9.772    
    SLICE_X32Y33         FDCE (Recov_fdce_C_CLR)     -0.405     9.367    u_salsa_hash_interative_wrapper/u_hash_interative_with_d_r_c/u_d_r_c_round_interative/matrix_in_sample_reg[1][1][15]
  -------------------------------------------------------------------
                         required time                          9.367    
                         arrival time                          -6.147    
  -------------------------------------------------------------------
                         slack                                  3.221    

Slack (MET) :             3.221ns  (required time - arrival time)
  Source:                 salsa_top_rst_n
                            (input port clocked by salsa_top_80mhz_pll_clk  {rise@0.000ns fall@6.250ns period=12.500ns})
  Destination:            u_salsa_hash_interative_wrapper/u_hash_interative_with_d_r_c/u_d_r_c_round_interative/matrix_in_sample_reg[1][1][1]/CLR
                            (recovery check against rising-edge clock salsa_top_80mhz_pll_clk  {rise@0.000ns fall@6.250ns period=12.500ns})
  Path Group:             **async_default**
  Path Type:              Recovery (Max at Slow Process Corner)
  Requirement:            12.500ns  (salsa_top_80mhz_pll_clk rise@12.500ns - salsa_top_80mhz_pll_clk rise@0.000ns)
  Data Path Delay:        10.166ns  (logic 1.580ns (15.544%)  route 8.585ns (84.456%))
  Logic Levels:           2  (IBUF=1 LUT1=1)
  Input Delay:            0.000ns
  Clock Path Skew:        1.438ns (DCD - SCD + CPR)
    Destination Clock Delay (DCD):    -2.075ns = ( 10.425 - 12.500 ) 
    Source Clock Delay      (SCD):    -4.019ns
    Clock Pessimism Removal (CPR):    -0.505ns
  Clock Uncertainty:      0.147ns  ((TSJ^2 + DJ^2)^1/2) / 2 + PE
    Total System Jitter     (TSJ):    0.071ns
    Discrete Jitter          (DJ):    0.286ns
    Phase Error              (PE):    0.000ns

    Location             Delay type                Incr(ns)  Path(ns)    Netlist Resource(s)
  -------------------------------------------------------------------    -------------------
                         (clock salsa_top_80mhz_pll_clk rise edge)
                                                      0.000     0.000 r  
    W5                                                0.000     0.000 r  salsa_top_100mhz_clk (IN)
                         net (fo=0)                   0.000     0.000    salsa_top_xilinix_ip_pll/inst/clk_in1
    W5                   IBUF (Prop_ibuf_I_O)         1.458     1.458 r  salsa_top_xilinix_ip_pll/inst/clkin1_ibufg/O
                         net (fo=1, routed)           1.253     2.711    salsa_top_xilinix_ip_pll/inst/clk_in1_clk_wiz_0
    PLLE2_ADV_X1Y0       PLLE2_ADV (Prop_plle2_adv_CLKIN1_CLKOUT0)
                                                     -8.482    -5.770 r  salsa_top_xilinix_ip_pll/inst/plle2_adv_inst/CLKOUT0
                         net (fo=1, routed)           1.655    -4.115    salsa_top_xilinix_ip_pll/inst/clk_out1_clk_wiz_0
    BUFGCTRL_X0Y0        BUFG (Prop_bufg_I_O)         0.096    -4.019 r  salsa_top_xilinix_ip_pll/inst/clkout1_buf/O
  -------------------------------------------------------------------    -------------------
                         input delay                  0.000    -4.019    
    R2                                                0.000    -4.019 r  salsa_top_rst_n (IN)
                         net (fo=0)                   0.000    -4.019    salsa_top_rst_n
    R2                   IBUF (Prop_ibuf_I_O)         1.456    -2.563 r  salsa_top_rst_n_IBUF_inst/O
                         net (fo=5, routed)           2.154    -0.409    u_salsa_hash_interative_wrapper/salsa_top_rst_n_IBUF
    SLICE_X64Y59         LUT1 (Prop_lut1_I0_O)        0.124    -0.285 f  u_salsa_hash_interative_wrapper/FSM_sequential_d_r_c_fsm_ps[2]_i_2/O
                         net (fo=7210, routed)        6.431     6.147    u_salsa_hash_interative_wrapper/u_hash_interative_with_d_r_c/u_d_r_c_round_interative/matrix_after_col_reg[3][1][0]_0
    SLICE_X32Y33         FDCE                                         f  u_salsa_hash_interative_wrapper/u_hash_interative_with_d_r_c/u_d_r_c_round_interative/matrix_in_sample_reg[1][1][1]/CLR
  -------------------------------------------------------------------    -------------------

                         (clock salsa_top_80mhz_pll_clk rise edge)
                                                     12.500    12.500 r  
    W5                                                0.000    12.500 r  salsa_top_100mhz_clk (IN)
                         net (fo=0)                   0.000    12.500    salsa_top_xilinix_ip_pll/inst/clk_in1
    W5                   IBUF (Prop_ibuf_I_O)         1.388    13.888 r  salsa_top_xilinix_ip_pll/inst/clkin1_ibufg/O
                         net (fo=1, routed)           1.181    15.069    salsa_top_xilinix_ip_pll/inst/clk_in1_clk_wiz_0
    PLLE2_ADV_X1Y0       PLLE2_ADV (Prop_plle2_adv_CLKIN1_CLKOUT0)
                                                     -7.750     7.319 r  salsa_top_xilinix_ip_pll/inst/plle2_adv_inst/CLKOUT0
                         net (fo=1, routed)           1.576     8.896    salsa_top_xilinix_ip_pll/inst/clk_out1_clk_wiz_0
    BUFGCTRL_X0Y0        BUFG (Prop_bufg_I_O)         0.091     8.987 r  salsa_top_xilinix_ip_pll/inst/clkout1_buf/O
                         net (fo=7218, routed)        1.438    10.425    u_salsa_hash_interative_wrapper/u_hash_interative_with_d_r_c/u_d_r_c_round_interative/clk_out1
    SLICE_X32Y33         FDCE                                         r  u_salsa_hash_interative_wrapper/u_hash_interative_with_d_r_c/u_d_r_c_round_interative/matrix_in_sample_reg[1][1][1]/C
                         clock pessimism             -0.505     9.919    
                         clock uncertainty           -0.147     9.772    
    SLICE_X32Y33         FDCE (Recov_fdce_C_CLR)     -0.405     9.367    u_salsa_hash_interative_wrapper/u_hash_interative_with_d_r_c/u_d_r_c_round_interative/matrix_in_sample_reg[1][1][1]
  -------------------------------------------------------------------
                         required time                          9.367    
                         arrival time                          -6.147    
  -------------------------------------------------------------------
                         slack                                  3.221    

Slack (MET) :             3.221ns  (required time - arrival time)
  Source:                 salsa_top_rst_n
                            (input port clocked by salsa_top_80mhz_pll_clk  {rise@0.000ns fall@6.250ns period=12.500ns})
  Destination:            u_salsa_hash_interative_wrapper/u_hash_interative_with_d_r_c/u_d_r_c_round_interative/matrix_in_sample_reg[1][1][2]/CLR
                            (recovery check against rising-edge clock salsa_top_80mhz_pll_clk  {rise@0.000ns fall@6.250ns period=12.500ns})
  Path Group:             **async_default**
  Path Type:              Recovery (Max at Slow Process Corner)
  Requirement:            12.500ns  (salsa_top_80mhz_pll_clk rise@12.500ns - salsa_top_80mhz_pll_clk rise@0.000ns)
  Data Path Delay:        10.166ns  (logic 1.580ns (15.544%)  route 8.585ns (84.456%))
  Logic Levels:           2  (IBUF=1 LUT1=1)
  Input Delay:            0.000ns
  Clock Path Skew:        1.438ns (DCD - SCD + CPR)
    Destination Clock Delay (DCD):    -2.075ns = ( 10.425 - 12.500 ) 
    Source Clock Delay      (SCD):    -4.019ns
    Clock Pessimism Removal (CPR):    -0.505ns
  Clock Uncertainty:      0.147ns  ((TSJ^2 + DJ^2)^1/2) / 2 + PE
    Total System Jitter     (TSJ):    0.071ns
    Discrete Jitter          (DJ):    0.286ns
    Phase Error              (PE):    0.000ns

    Location             Delay type                Incr(ns)  Path(ns)    Netlist Resource(s)
  -------------------------------------------------------------------    -------------------
                         (clock salsa_top_80mhz_pll_clk rise edge)
                                                      0.000     0.000 r  
    W5                                                0.000     0.000 r  salsa_top_100mhz_clk (IN)
                         net (fo=0)                   0.000     0.000    salsa_top_xilinix_ip_pll/inst/clk_in1
    W5                   IBUF (Prop_ibuf_I_O)         1.458     1.458 r  salsa_top_xilinix_ip_pll/inst/clkin1_ibufg/O
                         net (fo=1, routed)           1.253     2.711    salsa_top_xilinix_ip_pll/inst/clk_in1_clk_wiz_0
    PLLE2_ADV_X1Y0       PLLE2_ADV (Prop_plle2_adv_CLKIN1_CLKOUT0)
                                                     -8.482    -5.770 r  salsa_top_xilinix_ip_pll/inst/plle2_adv_inst/CLKOUT0
                         net (fo=1, routed)           1.655    -4.115    salsa_top_xilinix_ip_pll/inst/clk_out1_clk_wiz_0
    BUFGCTRL_X0Y0        BUFG (Prop_bufg_I_O)         0.096    -4.019 r  salsa_top_xilinix_ip_pll/inst/clkout1_buf/O
  -------------------------------------------------------------------    -------------------
                         input delay                  0.000    -4.019    
    R2                                                0.000    -4.019 r  salsa_top_rst_n (IN)
                         net (fo=0)                   0.000    -4.019    salsa_top_rst_n
    R2                   IBUF (Prop_ibuf_I_O)         1.456    -2.563 r  salsa_top_rst_n_IBUF_inst/O
                         net (fo=5, routed)           2.154    -0.409    u_salsa_hash_interative_wrapper/salsa_top_rst_n_IBUF
    SLICE_X64Y59         LUT1 (Prop_lut1_I0_O)        0.124    -0.285 f  u_salsa_hash_interative_wrapper/FSM_sequential_d_r_c_fsm_ps[2]_i_2/O
                         net (fo=7210, routed)        6.431     6.147    u_salsa_hash_interative_wrapper/u_hash_interative_with_d_r_c/u_d_r_c_round_interative/matrix_after_col_reg[3][1][0]_0
    SLICE_X32Y33         FDCE                                         f  u_salsa_hash_interative_wrapper/u_hash_interative_with_d_r_c/u_d_r_c_round_interative/matrix_in_sample_reg[1][1][2]/CLR
  -------------------------------------------------------------------    -------------------

                         (clock salsa_top_80mhz_pll_clk rise edge)
                                                     12.500    12.500 r  
    W5                                                0.000    12.500 r  salsa_top_100mhz_clk (IN)
                         net (fo=0)                   0.000    12.500    salsa_top_xilinix_ip_pll/inst/clk_in1
    W5                   IBUF (Prop_ibuf_I_O)         1.388    13.888 r  salsa_top_xilinix_ip_pll/inst/clkin1_ibufg/O
                         net (fo=1, routed)           1.181    15.069    salsa_top_xilinix_ip_pll/inst/clk_in1_clk_wiz_0
    PLLE2_ADV_X1Y0       PLLE2_ADV (Prop_plle2_adv_CLKIN1_CLKOUT0)
                                                     -7.750     7.319 r  salsa_top_xilinix_ip_pll/inst/plle2_adv_inst/CLKOUT0
                         net (fo=1, routed)           1.576     8.896    salsa_top_xilinix_ip_pll/inst/clk_out1_clk_wiz_0
    BUFGCTRL_X0Y0        BUFG (Prop_bufg_I_O)         0.091     8.987 r  salsa_top_xilinix_ip_pll/inst/clkout1_buf/O
                         net (fo=7218, routed)        1.438    10.425    u_salsa_hash_interative_wrapper/u_hash_interative_with_d_r_c/u_d_r_c_round_interative/clk_out1
    SLICE_X32Y33         FDCE                                         r  u_salsa_hash_interative_wrapper/u_hash_interative_with_d_r_c/u_d_r_c_round_interative/matrix_in_sample_reg[1][1][2]/C
                         clock pessimism             -0.505     9.919    
                         clock uncertainty           -0.147     9.772    
    SLICE_X32Y33         FDCE (Recov_fdce_C_CLR)     -0.405     9.367    u_salsa_hash_interative_wrapper/u_hash_interative_with_d_r_c/u_d_r_c_round_interative/matrix_in_sample_reg[1][1][2]
  -------------------------------------------------------------------
                         required time                          9.367    
                         arrival time                          -6.147    
  -------------------------------------------------------------------
                         slack                                  3.221    

Slack (MET) :             3.221ns  (required time - arrival time)
  Source:                 salsa_top_rst_n
                            (input port clocked by salsa_top_80mhz_pll_clk  {rise@0.000ns fall@6.250ns period=12.500ns})
  Destination:            u_salsa_hash_interative_wrapper/u_hash_interative_with_d_r_c/u_d_r_c_round_interative/matrix_in_sample_reg[1][1][3]/CLR
                            (recovery check against rising-edge clock salsa_top_80mhz_pll_clk  {rise@0.000ns fall@6.250ns period=12.500ns})
  Path Group:             **async_default**
  Path Type:              Recovery (Max at Slow Process Corner)
  Requirement:            12.500ns  (salsa_top_80mhz_pll_clk rise@12.500ns - salsa_top_80mhz_pll_clk rise@0.000ns)
  Data Path Delay:        10.166ns  (logic 1.580ns (15.544%)  route 8.585ns (84.456%))
  Logic Levels:           2  (IBUF=1 LUT1=1)
  Input Delay:            0.000ns
  Clock Path Skew:        1.438ns (DCD - SCD + CPR)
    Destination Clock Delay (DCD):    -2.075ns = ( 10.425 - 12.500 ) 
    Source Clock Delay      (SCD):    -4.019ns
    Clock Pessimism Removal (CPR):    -0.505ns
  Clock Uncertainty:      0.147ns  ((TSJ^2 + DJ^2)^1/2) / 2 + PE
    Total System Jitter     (TSJ):    0.071ns
    Discrete Jitter          (DJ):    0.286ns
    Phase Error              (PE):    0.000ns

    Location             Delay type                Incr(ns)  Path(ns)    Netlist Resource(s)
  -------------------------------------------------------------------    -------------------
                         (clock salsa_top_80mhz_pll_clk rise edge)
                                                      0.000     0.000 r  
    W5                                                0.000     0.000 r  salsa_top_100mhz_clk (IN)
                         net (fo=0)                   0.000     0.000    salsa_top_xilinix_ip_pll/inst/clk_in1
    W5                   IBUF (Prop_ibuf_I_O)         1.458     1.458 r  salsa_top_xilinix_ip_pll/inst/clkin1_ibufg/O
                         net (fo=1, routed)           1.253     2.711    salsa_top_xilinix_ip_pll/inst/clk_in1_clk_wiz_0
    PLLE2_ADV_X1Y0       PLLE2_ADV (Prop_plle2_adv_CLKIN1_CLKOUT0)
                                                     -8.482    -5.770 r  salsa_top_xilinix_ip_pll/inst/plle2_adv_inst/CLKOUT0
                         net (fo=1, routed)           1.655    -4.115    salsa_top_xilinix_ip_pll/inst/clk_out1_clk_wiz_0
    BUFGCTRL_X0Y0        BUFG (Prop_bufg_I_O)         0.096    -4.019 r  salsa_top_xilinix_ip_pll/inst/clkout1_buf/O
  -------------------------------------------------------------------    -------------------
                         input delay                  0.000    -4.019    
    R2                                                0.000    -4.019 r  salsa_top_rst_n (IN)
                         net (fo=0)                   0.000    -4.019    salsa_top_rst_n
    R2                   IBUF (Prop_ibuf_I_O)         1.456    -2.563 r  salsa_top_rst_n_IBUF_inst/O
                         net (fo=5, routed)           2.154    -0.409    u_salsa_hash_interative_wrapper/salsa_top_rst_n_IBUF
    SLICE_X64Y59         LUT1 (Prop_lut1_I0_O)        0.124    -0.285 f  u_salsa_hash_interative_wrapper/FSM_sequential_d_r_c_fsm_ps[2]_i_2/O
                         net (fo=7210, routed)        6.431     6.147    u_salsa_hash_interative_wrapper/u_hash_interative_with_d_r_c/u_d_r_c_round_interative/matrix_after_col_reg[3][1][0]_0
    SLICE_X32Y33         FDCE                                         f  u_salsa_hash_interative_wrapper/u_hash_interative_with_d_r_c/u_d_r_c_round_interative/matrix_in_sample_reg[1][1][3]/CLR
  -------------------------------------------------------------------    -------------------

                         (clock salsa_top_80mhz_pll_clk rise edge)
                                                     12.500    12.500 r  
    W5                                                0.000    12.500 r  salsa_top_100mhz_clk (IN)
                         net (fo=0)                   0.000    12.500    salsa_top_xilinix_ip_pll/inst/clk_in1
    W5                   IBUF (Prop_ibuf_I_O)         1.388    13.888 r  salsa_top_xilinix_ip_pll/inst/clkin1_ibufg/O
                         net (fo=1, routed)           1.181    15.069    salsa_top_xilinix_ip_pll/inst/clk_in1_clk_wiz_0
    PLLE2_ADV_X1Y0       PLLE2_ADV (Prop_plle2_adv_CLKIN1_CLKOUT0)
                                                     -7.750     7.319 r  salsa_top_xilinix_ip_pll/inst/plle2_adv_inst/CLKOUT0
                         net (fo=1, routed)           1.576     8.896    salsa_top_xilinix_ip_pll/inst/clk_out1_clk_wiz_0
    BUFGCTRL_X0Y0        BUFG (Prop_bufg_I_O)         0.091     8.987 r  salsa_top_xilinix_ip_pll/inst/clkout1_buf/O
                         net (fo=7218, routed)        1.438    10.425    u_salsa_hash_interative_wrapper/u_hash_interative_with_d_r_c/u_d_r_c_round_interative/clk_out1
    SLICE_X32Y33         FDCE                                         r  u_salsa_hash_interative_wrapper/u_hash_interative_with_d_r_c/u_d_r_c_round_interative/matrix_in_sample_reg[1][1][3]/C
                         clock pessimism             -0.505     9.919    
                         clock uncertainty           -0.147     9.772    
    SLICE_X32Y33         FDCE (Recov_fdce_C_CLR)     -0.405     9.367    u_salsa_hash_interative_wrapper/u_hash_interative_with_d_r_c/u_d_r_c_round_interative/matrix_in_sample_reg[1][1][3]
  -------------------------------------------------------------------
                         required time                          9.367    
                         arrival time                          -6.147    
  -------------------------------------------------------------------
                         slack                                  3.221    

Slack (MET) :             3.221ns  (required time - arrival time)
  Source:                 salsa_top_rst_n
                            (input port clocked by salsa_top_80mhz_pll_clk  {rise@0.000ns fall@6.250ns period=12.500ns})
  Destination:            u_salsa_hash_interative_wrapper/u_hash_interative_with_d_r_c/u_d_r_c_round_interative/matrix_in_sample_reg[1][1][5]/CLR
                            (recovery check against rising-edge clock salsa_top_80mhz_pll_clk  {rise@0.000ns fall@6.250ns period=12.500ns})
  Path Group:             **async_default**
  Path Type:              Recovery (Max at Slow Process Corner)
  Requirement:            12.500ns  (salsa_top_80mhz_pll_clk rise@12.500ns - salsa_top_80mhz_pll_clk rise@0.000ns)
  Data Path Delay:        10.166ns  (logic 1.580ns (15.544%)  route 8.585ns (84.456%))
  Logic Levels:           2  (IBUF=1 LUT1=1)
  Input Delay:            0.000ns
  Clock Path Skew:        1.438ns (DCD - SCD + CPR)
    Destination Clock Delay (DCD):    -2.075ns = ( 10.425 - 12.500 ) 
    Source Clock Delay      (SCD):    -4.019ns
    Clock Pessimism Removal (CPR):    -0.505ns
  Clock Uncertainty:      0.147ns  ((TSJ^2 + DJ^2)^1/2) / 2 + PE
    Total System Jitter     (TSJ):    0.071ns
    Discrete Jitter          (DJ):    0.286ns
    Phase Error              (PE):    0.000ns

    Location             Delay type                Incr(ns)  Path(ns)    Netlist Resource(s)
  -------------------------------------------------------------------    -------------------
                         (clock salsa_top_80mhz_pll_clk rise edge)
                                                      0.000     0.000 r  
    W5                                                0.000     0.000 r  salsa_top_100mhz_clk (IN)
                         net (fo=0)                   0.000     0.000    salsa_top_xilinix_ip_pll/inst/clk_in1
    W5                   IBUF (Prop_ibuf_I_O)         1.458     1.458 r  salsa_top_xilinix_ip_pll/inst/clkin1_ibufg/O
                         net (fo=1, routed)           1.253     2.711    salsa_top_xilinix_ip_pll/inst/clk_in1_clk_wiz_0
    PLLE2_ADV_X1Y0       PLLE2_ADV (Prop_plle2_adv_CLKIN1_CLKOUT0)
                                                     -8.482    -5.770 r  salsa_top_xilinix_ip_pll/inst/plle2_adv_inst/CLKOUT0
                         net (fo=1, routed)           1.655    -4.115    salsa_top_xilinix_ip_pll/inst/clk_out1_clk_wiz_0
    BUFGCTRL_X0Y0        BUFG (Prop_bufg_I_O)         0.096    -4.019 r  salsa_top_xilinix_ip_pll/inst/clkout1_buf/O
  -------------------------------------------------------------------    -------------------
                         input delay                  0.000    -4.019    
    R2                                                0.000    -4.019 r  salsa_top_rst_n (IN)
                         net (fo=0)                   0.000    -4.019    salsa_top_rst_n
    R2                   IBUF (Prop_ibuf_I_O)         1.456    -2.563 r  salsa_top_rst_n_IBUF_inst/O
                         net (fo=5, routed)           2.154    -0.409    u_salsa_hash_interative_wrapper/salsa_top_rst_n_IBUF
    SLICE_X64Y59         LUT1 (Prop_lut1_I0_O)        0.124    -0.285 f  u_salsa_hash_interative_wrapper/FSM_sequential_d_r_c_fsm_ps[2]_i_2/O
                         net (fo=7210, routed)        6.431     6.147    u_salsa_hash_interative_wrapper/u_hash_interative_with_d_r_c/u_d_r_c_round_interative/matrix_after_col_reg[3][1][0]_0
    SLICE_X32Y33         FDCE                                         f  u_salsa_hash_interative_wrapper/u_hash_interative_with_d_r_c/u_d_r_c_round_interative/matrix_in_sample_reg[1][1][5]/CLR
  -------------------------------------------------------------------    -------------------

                         (clock salsa_top_80mhz_pll_clk rise edge)
                                                     12.500    12.500 r  
    W5                                                0.000    12.500 r  salsa_top_100mhz_clk (IN)
                         net (fo=0)                   0.000    12.500    salsa_top_xilinix_ip_pll/inst/clk_in1
    W5                   IBUF (Prop_ibuf_I_O)         1.388    13.888 r  salsa_top_xilinix_ip_pll/inst/clkin1_ibufg/O
                         net (fo=1, routed)           1.181    15.069    salsa_top_xilinix_ip_pll/inst/clk_in1_clk_wiz_0
    PLLE2_ADV_X1Y0       PLLE2_ADV (Prop_plle2_adv_CLKIN1_CLKOUT0)
                                                     -7.750     7.319 r  salsa_top_xilinix_ip_pll/inst/plle2_adv_inst/CLKOUT0
                         net (fo=1, routed)           1.576     8.896    salsa_top_xilinix_ip_pll/inst/clk_out1_clk_wiz_0
    BUFGCTRL_X0Y0        BUFG (Prop_bufg_I_O)         0.091     8.987 r  salsa_top_xilinix_ip_pll/inst/clkout1_buf/O
                         net (fo=7218, routed)        1.438    10.425    u_salsa_hash_interative_wrapper/u_hash_interative_with_d_r_c/u_d_r_c_round_interative/clk_out1
    SLICE_X32Y33         FDCE                                         r  u_salsa_hash_interative_wrapper/u_hash_interative_with_d_r_c/u_d_r_c_round_interative/matrix_in_sample_reg[1][1][5]/C
                         clock pessimism             -0.505     9.919    
                         clock uncertainty           -0.147     9.772    
    SLICE_X32Y33         FDCE (Recov_fdce_C_CLR)     -0.405     9.367    u_salsa_hash_interative_wrapper/u_hash_interative_with_d_r_c/u_d_r_c_round_interative/matrix_in_sample_reg[1][1][5]
  -------------------------------------------------------------------
                         required time                          9.367    
                         arrival time                          -6.147    
  -------------------------------------------------------------------
                         slack                                  3.221    

Slack (MET) :             3.221ns  (required time - arrival time)
  Source:                 salsa_top_rst_n
                            (input port clocked by salsa_top_80mhz_pll_clk  {rise@0.000ns fall@6.250ns period=12.500ns})
  Destination:            u_salsa_hash_interative_wrapper/u_hash_interative_with_d_r_c/u_d_r_c_round_interative/matrix_in_sample_reg[3][3][0]/CLR
                            (recovery check against rising-edge clock salsa_top_80mhz_pll_clk  {rise@0.000ns fall@6.250ns period=12.500ns})
  Path Group:             **async_default**
  Path Type:              Recovery (Max at Slow Process Corner)
  Requirement:            12.500ns  (salsa_top_80mhz_pll_clk rise@12.500ns - salsa_top_80mhz_pll_clk rise@0.000ns)
  Data Path Delay:        10.166ns  (logic 1.580ns (15.544%)  route 8.585ns (84.456%))
  Logic Levels:           2  (IBUF=1 LUT1=1)
  Input Delay:            0.000ns
  Clock Path Skew:        1.438ns (DCD - SCD + CPR)
    Destination Clock Delay (DCD):    -2.075ns = ( 10.425 - 12.500 ) 
    Source Clock Delay      (SCD):    -4.019ns
    Clock Pessimism Removal (CPR):    -0.505ns
  Clock Uncertainty:      0.147ns  ((TSJ^2 + DJ^2)^1/2) / 2 + PE
    Total System Jitter     (TSJ):    0.071ns
    Discrete Jitter          (DJ):    0.286ns
    Phase Error              (PE):    0.000ns

    Location             Delay type                Incr(ns)  Path(ns)    Netlist Resource(s)
  -------------------------------------------------------------------    -------------------
                         (clock salsa_top_80mhz_pll_clk rise edge)
                                                      0.000     0.000 r  
    W5                                                0.000     0.000 r  salsa_top_100mhz_clk (IN)
                         net (fo=0)                   0.000     0.000    salsa_top_xilinix_ip_pll/inst/clk_in1
    W5                   IBUF (Prop_ibuf_I_O)         1.458     1.458 r  salsa_top_xilinix_ip_pll/inst/clkin1_ibufg/O
                         net (fo=1, routed)           1.253     2.711    salsa_top_xilinix_ip_pll/inst/clk_in1_clk_wiz_0
    PLLE2_ADV_X1Y0       PLLE2_ADV (Prop_plle2_adv_CLKIN1_CLKOUT0)
                                                     -8.482    -5.770 r  salsa_top_xilinix_ip_pll/inst/plle2_adv_inst/CLKOUT0
                         net (fo=1, routed)           1.655    -4.115    salsa_top_xilinix_ip_pll/inst/clk_out1_clk_wiz_0
    BUFGCTRL_X0Y0        BUFG (Prop_bufg_I_O)         0.096    -4.019 r  salsa_top_xilinix_ip_pll/inst/clkout1_buf/O
  -------------------------------------------------------------------    -------------------
                         input delay                  0.000    -4.019    
    R2                                                0.000    -4.019 r  salsa_top_rst_n (IN)
                         net (fo=0)                   0.000    -4.019    salsa_top_rst_n
    R2                   IBUF (Prop_ibuf_I_O)         1.456    -2.563 r  salsa_top_rst_n_IBUF_inst/O
                         net (fo=5, routed)           2.154    -0.409    u_salsa_hash_interative_wrapper/salsa_top_rst_n_IBUF
    SLICE_X64Y59         LUT1 (Prop_lut1_I0_O)        0.124    -0.285 f  u_salsa_hash_interative_wrapper/FSM_sequential_d_r_c_fsm_ps[2]_i_2/O
                         net (fo=7210, routed)        6.431     6.147    u_salsa_hash_interative_wrapper/u_hash_interative_with_d_r_c/u_d_r_c_round_interative/matrix_after_col_reg[3][1][0]_0
    SLICE_X32Y33         FDCE                                         f  u_salsa_hash_interative_wrapper/u_hash_interative_with_d_r_c/u_d_r_c_round_interative/matrix_in_sample_reg[3][3][0]/CLR
  -------------------------------------------------------------------    -------------------

                         (clock salsa_top_80mhz_pll_clk rise edge)
                                                     12.500    12.500 r  
    W5                                                0.000    12.500 r  salsa_top_100mhz_clk (IN)
                         net (fo=0)                   0.000    12.500    salsa_top_xilinix_ip_pll/inst/clk_in1
    W5                   IBUF (Prop_ibuf_I_O)         1.388    13.888 r  salsa_top_xilinix_ip_pll/inst/clkin1_ibufg/O
                         net (fo=1, routed)           1.181    15.069    salsa_top_xilinix_ip_pll/inst/clk_in1_clk_wiz_0
    PLLE2_ADV_X1Y0       PLLE2_ADV (Prop_plle2_adv_CLKIN1_CLKOUT0)
                                                     -7.750     7.319 r  salsa_top_xilinix_ip_pll/inst/plle2_adv_inst/CLKOUT0
                         net (fo=1, routed)           1.576     8.896    salsa_top_xilinix_ip_pll/inst/clk_out1_clk_wiz_0
    BUFGCTRL_X0Y0        BUFG (Prop_bufg_I_O)         0.091     8.987 r  salsa_top_xilinix_ip_pll/inst/clkout1_buf/O
                         net (fo=7218, routed)        1.438    10.425    u_salsa_hash_interative_wrapper/u_hash_interative_with_d_r_c/u_d_r_c_round_interative/clk_out1
    SLICE_X32Y33         FDCE                                         r  u_salsa_hash_interative_wrapper/u_hash_interative_with_d_r_c/u_d_r_c_round_interative/matrix_in_sample_reg[3][3][0]/C
                         clock pessimism             -0.505     9.919    
                         clock uncertainty           -0.147     9.772    
    SLICE_X32Y33         FDCE (Recov_fdce_C_CLR)     -0.405     9.367    u_salsa_hash_interative_wrapper/u_hash_interative_with_d_r_c/u_d_r_c_round_interative/matrix_in_sample_reg[3][3][0]
  -------------------------------------------------------------------
                         required time                          9.367    
                         arrival time                          -6.147    
  -------------------------------------------------------------------
                         slack                                  3.221    

Slack (MET) :             3.221ns  (required time - arrival time)
  Source:                 salsa_top_rst_n
                            (input port clocked by salsa_top_80mhz_pll_clk  {rise@0.000ns fall@6.250ns period=12.500ns})
  Destination:            u_salsa_hash_interative_wrapper/u_hash_interative_with_d_r_c/u_d_r_c_round_interative/matrix_in_sample_reg[3][3][1]/CLR
                            (recovery check against rising-edge clock salsa_top_80mhz_pll_clk  {rise@0.000ns fall@6.250ns period=12.500ns})
  Path Group:             **async_default**
  Path Type:              Recovery (Max at Slow Process Corner)
  Requirement:            12.500ns  (salsa_top_80mhz_pll_clk rise@12.500ns - salsa_top_80mhz_pll_clk rise@0.000ns)
  Data Path Delay:        10.166ns  (logic 1.580ns (15.544%)  route 8.585ns (84.456%))
  Logic Levels:           2  (IBUF=1 LUT1=1)
  Input Delay:            0.000ns
  Clock Path Skew:        1.438ns (DCD - SCD + CPR)
    Destination Clock Delay (DCD):    -2.075ns = ( 10.425 - 12.500 ) 
    Source Clock Delay      (SCD):    -4.019ns
    Clock Pessimism Removal (CPR):    -0.505ns
  Clock Uncertainty:      0.147ns  ((TSJ^2 + DJ^2)^1/2) / 2 + PE
    Total System Jitter     (TSJ):    0.071ns
    Discrete Jitter          (DJ):    0.286ns
    Phase Error              (PE):    0.000ns

    Location             Delay type                Incr(ns)  Path(ns)    Netlist Resource(s)
  -------------------------------------------------------------------    -------------------
                         (clock salsa_top_80mhz_pll_clk rise edge)
                                                      0.000     0.000 r  
    W5                                                0.000     0.000 r  salsa_top_100mhz_clk (IN)
                         net (fo=0)                   0.000     0.000    salsa_top_xilinix_ip_pll/inst/clk_in1
    W5                   IBUF (Prop_ibuf_I_O)         1.458     1.458 r  salsa_top_xilinix_ip_pll/inst/clkin1_ibufg/O
                         net (fo=1, routed)           1.253     2.711    salsa_top_xilinix_ip_pll/inst/clk_in1_clk_wiz_0
    PLLE2_ADV_X1Y0       PLLE2_ADV (Prop_plle2_adv_CLKIN1_CLKOUT0)
                                                     -8.482    -5.770 r  salsa_top_xilinix_ip_pll/inst/plle2_adv_inst/CLKOUT0
                         net (fo=1, routed)           1.655    -4.115    salsa_top_xilinix_ip_pll/inst/clk_out1_clk_wiz_0
    BUFGCTRL_X0Y0        BUFG (Prop_bufg_I_O)         0.096    -4.019 r  salsa_top_xilinix_ip_pll/inst/clkout1_buf/O
  -------------------------------------------------------------------    -------------------
                         input delay                  0.000    -4.019    
    R2                                                0.000    -4.019 r  salsa_top_rst_n (IN)
                         net (fo=0)                   0.000    -4.019    salsa_top_rst_n
    R2                   IBUF (Prop_ibuf_I_O)         1.456    -2.563 r  salsa_top_rst_n_IBUF_inst/O
                         net (fo=5, routed)           2.154    -0.409    u_salsa_hash_interative_wrapper/salsa_top_rst_n_IBUF
    SLICE_X64Y59         LUT1 (Prop_lut1_I0_O)        0.124    -0.285 f  u_salsa_hash_interative_wrapper/FSM_sequential_d_r_c_fsm_ps[2]_i_2/O
                         net (fo=7210, routed)        6.431     6.147    u_salsa_hash_interative_wrapper/u_hash_interative_with_d_r_c/u_d_r_c_round_interative/matrix_after_col_reg[3][1][0]_0
    SLICE_X32Y33         FDCE                                         f  u_salsa_hash_interative_wrapper/u_hash_interative_with_d_r_c/u_d_r_c_round_interative/matrix_in_sample_reg[3][3][1]/CLR
  -------------------------------------------------------------------    -------------------

                         (clock salsa_top_80mhz_pll_clk rise edge)
                                                     12.500    12.500 r  
    W5                                                0.000    12.500 r  salsa_top_100mhz_clk (IN)
                         net (fo=0)                   0.000    12.500    salsa_top_xilinix_ip_pll/inst/clk_in1
    W5                   IBUF (Prop_ibuf_I_O)         1.388    13.888 r  salsa_top_xilinix_ip_pll/inst/clkin1_ibufg/O
                         net (fo=1, routed)           1.181    15.069    salsa_top_xilinix_ip_pll/inst/clk_in1_clk_wiz_0
    PLLE2_ADV_X1Y0       PLLE2_ADV (Prop_plle2_adv_CLKIN1_CLKOUT0)
                                                     -7.750     7.319 r  salsa_top_xilinix_ip_pll/inst/plle2_adv_inst/CLKOUT0
                         net (fo=1, routed)           1.576     8.896    salsa_top_xilinix_ip_pll/inst/clk_out1_clk_wiz_0
    BUFGCTRL_X0Y0        BUFG (Prop_bufg_I_O)         0.091     8.987 r  salsa_top_xilinix_ip_pll/inst/clkout1_buf/O
                         net (fo=7218, routed)        1.438    10.425    u_salsa_hash_interative_wrapper/u_hash_interative_with_d_r_c/u_d_r_c_round_interative/clk_out1
    SLICE_X32Y33         FDCE                                         r  u_salsa_hash_interative_wrapper/u_hash_interative_with_d_r_c/u_d_r_c_round_interative/matrix_in_sample_reg[3][3][1]/C
                         clock pessimism             -0.505     9.919    
                         clock uncertainty           -0.147     9.772    
    SLICE_X32Y33         FDCE (Recov_fdce_C_CLR)     -0.405     9.367    u_salsa_hash_interative_wrapper/u_hash_interative_with_d_r_c/u_d_r_c_round_interative/matrix_in_sample_reg[3][3][1]
  -------------------------------------------------------------------
                         required time                          9.367    
                         arrival time                          -6.147    
  -------------------------------------------------------------------
                         slack                                  3.221    

Slack (MET) :             3.225ns  (required time - arrival time)
  Source:                 salsa_top_rst_n
                            (input port clocked by salsa_top_80mhz_pll_clk  {rise@0.000ns fall@6.250ns period=12.500ns})
  Destination:            u_salsa_hash_interative_wrapper/u_hash_interative_with_d_r_c/matrix_in2_duouble_reg[0][0][0]/CLR
                            (recovery check against rising-edge clock salsa_top_80mhz_pll_clk  {rise@0.000ns fall@6.250ns period=12.500ns})
  Path Group:             **async_default**
  Path Type:              Recovery (Max at Slow Process Corner)
  Requirement:            12.500ns  (salsa_top_80mhz_pll_clk rise@12.500ns - salsa_top_80mhz_pll_clk rise@0.000ns)
  Data Path Delay:        10.161ns  (logic 1.580ns (15.551%)  route 8.581ns (84.449%))
  Logic Levels:           2  (IBUF=1 LUT1=1)
  Input Delay:            0.000ns
  Clock Path Skew:        1.438ns (DCD - SCD + CPR)
    Destination Clock Delay (DCD):    -2.075ns = ( 10.425 - 12.500 ) 
    Source Clock Delay      (SCD):    -4.019ns
    Clock Pessimism Removal (CPR):    -0.505ns
  Clock Uncertainty:      0.147ns  ((TSJ^2 + DJ^2)^1/2) / 2 + PE
    Total System Jitter     (TSJ):    0.071ns
    Discrete Jitter          (DJ):    0.286ns
    Phase Error              (PE):    0.000ns

    Location             Delay type                Incr(ns)  Path(ns)    Netlist Resource(s)
  -------------------------------------------------------------------    -------------------
                         (clock salsa_top_80mhz_pll_clk rise edge)
                                                      0.000     0.000 r  
    W5                                                0.000     0.000 r  salsa_top_100mhz_clk (IN)
                         net (fo=0)                   0.000     0.000    salsa_top_xilinix_ip_pll/inst/clk_in1
    W5                   IBUF (Prop_ibuf_I_O)         1.458     1.458 r  salsa_top_xilinix_ip_pll/inst/clkin1_ibufg/O
                         net (fo=1, routed)           1.253     2.711    salsa_top_xilinix_ip_pll/inst/clk_in1_clk_wiz_0
    PLLE2_ADV_X1Y0       PLLE2_ADV (Prop_plle2_adv_CLKIN1_CLKOUT0)
                                                     -8.482    -5.770 r  salsa_top_xilinix_ip_pll/inst/plle2_adv_inst/CLKOUT0
                         net (fo=1, routed)           1.655    -4.115    salsa_top_xilinix_ip_pll/inst/clk_out1_clk_wiz_0
    BUFGCTRL_X0Y0        BUFG (Prop_bufg_I_O)         0.096    -4.019 r  salsa_top_xilinix_ip_pll/inst/clkout1_buf/O
  -------------------------------------------------------------------    -------------------
                         input delay                  0.000    -4.019    
    R2                                                0.000    -4.019 r  salsa_top_rst_n (IN)
                         net (fo=0)                   0.000    -4.019    salsa_top_rst_n
    R2                   IBUF (Prop_ibuf_I_O)         1.456    -2.563 r  salsa_top_rst_n_IBUF_inst/O
                         net (fo=5, routed)           2.154    -0.409    u_salsa_hash_interative_wrapper/salsa_top_rst_n_IBUF
    SLICE_X64Y59         LUT1 (Prop_lut1_I0_O)        0.124    -0.285 f  u_salsa_hash_interative_wrapper/FSM_sequential_d_r_c_fsm_ps[2]_i_2/O
                         net (fo=7210, routed)        6.427     6.142    u_salsa_hash_interative_wrapper/u_hash_interative_with_d_r_c/matrix_after_col_reg[3][1][0]
    SLICE_X33Y33         FDCE                                         f  u_salsa_hash_interative_wrapper/u_hash_interative_with_d_r_c/matrix_in2_duouble_reg[0][0][0]/CLR
  -------------------------------------------------------------------    -------------------

                         (clock salsa_top_80mhz_pll_clk rise edge)
                                                     12.500    12.500 r  
    W5                                                0.000    12.500 r  salsa_top_100mhz_clk (IN)
                         net (fo=0)                   0.000    12.500    salsa_top_xilinix_ip_pll/inst/clk_in1
    W5                   IBUF (Prop_ibuf_I_O)         1.388    13.888 r  salsa_top_xilinix_ip_pll/inst/clkin1_ibufg/O
                         net (fo=1, routed)           1.181    15.069    salsa_top_xilinix_ip_pll/inst/clk_in1_clk_wiz_0
    PLLE2_ADV_X1Y0       PLLE2_ADV (Prop_plle2_adv_CLKIN1_CLKOUT0)
                                                     -7.750     7.319 r  salsa_top_xilinix_ip_pll/inst/plle2_adv_inst/CLKOUT0
                         net (fo=1, routed)           1.576     8.896    salsa_top_xilinix_ip_pll/inst/clk_out1_clk_wiz_0
    BUFGCTRL_X0Y0        BUFG (Prop_bufg_I_O)         0.091     8.987 r  salsa_top_xilinix_ip_pll/inst/clkout1_buf/O
                         net (fo=7218, routed)        1.438    10.425    u_salsa_hash_interative_wrapper/u_hash_interative_with_d_r_c/clk_out1
    SLICE_X33Y33         FDCE                                         r  u_salsa_hash_interative_wrapper/u_hash_interative_with_d_r_c/matrix_in2_duouble_reg[0][0][0]/C
                         clock pessimism             -0.505     9.919    
                         clock uncertainty           -0.147     9.772    
    SLICE_X33Y33         FDCE (Recov_fdce_C_CLR)     -0.405     9.367    u_salsa_hash_interative_wrapper/u_hash_interative_with_d_r_c/matrix_in2_duouble_reg[0][0][0]
  -------------------------------------------------------------------
                         required time                          9.367    
                         arrival time                          -6.142    
  -------------------------------------------------------------------
                         slack                                  3.225    

Slack (MET) :             3.225ns  (required time - arrival time)
  Source:                 salsa_top_rst_n
                            (input port clocked by salsa_top_80mhz_pll_clk  {rise@0.000ns fall@6.250ns period=12.500ns})
  Destination:            u_salsa_hash_interative_wrapper/u_hash_interative_with_d_r_c/matrix_in2_duouble_reg[0][0][2]/CLR
                            (recovery check against rising-edge clock salsa_top_80mhz_pll_clk  {rise@0.000ns fall@6.250ns period=12.500ns})
  Path Group:             **async_default**
  Path Type:              Recovery (Max at Slow Process Corner)
  Requirement:            12.500ns  (salsa_top_80mhz_pll_clk rise@12.500ns - salsa_top_80mhz_pll_clk rise@0.000ns)
  Data Path Delay:        10.161ns  (logic 1.580ns (15.551%)  route 8.581ns (84.449%))
  Logic Levels:           2  (IBUF=1 LUT1=1)
  Input Delay:            0.000ns
  Clock Path Skew:        1.438ns (DCD - SCD + CPR)
    Destination Clock Delay (DCD):    -2.075ns = ( 10.425 - 12.500 ) 
    Source Clock Delay      (SCD):    -4.019ns
    Clock Pessimism Removal (CPR):    -0.505ns
  Clock Uncertainty:      0.147ns  ((TSJ^2 + DJ^2)^1/2) / 2 + PE
    Total System Jitter     (TSJ):    0.071ns
    Discrete Jitter          (DJ):    0.286ns
    Phase Error              (PE):    0.000ns

    Location             Delay type                Incr(ns)  Path(ns)    Netlist Resource(s)
  -------------------------------------------------------------------    -------------------
                         (clock salsa_top_80mhz_pll_clk rise edge)
                                                      0.000     0.000 r  
    W5                                                0.000     0.000 r  salsa_top_100mhz_clk (IN)
                         net (fo=0)                   0.000     0.000    salsa_top_xilinix_ip_pll/inst/clk_in1
    W5                   IBUF (Prop_ibuf_I_O)         1.458     1.458 r  salsa_top_xilinix_ip_pll/inst/clkin1_ibufg/O
                         net (fo=1, routed)           1.253     2.711    salsa_top_xilinix_ip_pll/inst/clk_in1_clk_wiz_0
    PLLE2_ADV_X1Y0       PLLE2_ADV (Prop_plle2_adv_CLKIN1_CLKOUT0)
                                                     -8.482    -5.770 r  salsa_top_xilinix_ip_pll/inst/plle2_adv_inst/CLKOUT0
                         net (fo=1, routed)           1.655    -4.115    salsa_top_xilinix_ip_pll/inst/clk_out1_clk_wiz_0
    BUFGCTRL_X0Y0        BUFG (Prop_bufg_I_O)         0.096    -4.019 r  salsa_top_xilinix_ip_pll/inst/clkout1_buf/O
  -------------------------------------------------------------------    -------------------
                         input delay                  0.000    -4.019    
    R2                                                0.000    -4.019 r  salsa_top_rst_n (IN)
                         net (fo=0)                   0.000    -4.019    salsa_top_rst_n
    R2                   IBUF (Prop_ibuf_I_O)         1.456    -2.563 r  salsa_top_rst_n_IBUF_inst/O
                         net (fo=5, routed)           2.154    -0.409    u_salsa_hash_interative_wrapper/salsa_top_rst_n_IBUF
    SLICE_X64Y59         LUT1 (Prop_lut1_I0_O)        0.124    -0.285 f  u_salsa_hash_interative_wrapper/FSM_sequential_d_r_c_fsm_ps[2]_i_2/O
                         net (fo=7210, routed)        6.427     6.142    u_salsa_hash_interative_wrapper/u_hash_interative_with_d_r_c/matrix_after_col_reg[3][1][0]
    SLICE_X33Y33         FDCE                                         f  u_salsa_hash_interative_wrapper/u_hash_interative_with_d_r_c/matrix_in2_duouble_reg[0][0][2]/CLR
  -------------------------------------------------------------------    -------------------

                         (clock salsa_top_80mhz_pll_clk rise edge)
                                                     12.500    12.500 r  
    W5                                                0.000    12.500 r  salsa_top_100mhz_clk (IN)
                         net (fo=0)                   0.000    12.500    salsa_top_xilinix_ip_pll/inst/clk_in1
    W5                   IBUF (Prop_ibuf_I_O)         1.388    13.888 r  salsa_top_xilinix_ip_pll/inst/clkin1_ibufg/O
                         net (fo=1, routed)           1.181    15.069    salsa_top_xilinix_ip_pll/inst/clk_in1_clk_wiz_0
    PLLE2_ADV_X1Y0       PLLE2_ADV (Prop_plle2_adv_CLKIN1_CLKOUT0)
                                                     -7.750     7.319 r  salsa_top_xilinix_ip_pll/inst/plle2_adv_inst/CLKOUT0
                         net (fo=1, routed)           1.576     8.896    salsa_top_xilinix_ip_pll/inst/clk_out1_clk_wiz_0
    BUFGCTRL_X0Y0        BUFG (Prop_bufg_I_O)         0.091     8.987 r  salsa_top_xilinix_ip_pll/inst/clkout1_buf/O
                         net (fo=7218, routed)        1.438    10.425    u_salsa_hash_interative_wrapper/u_hash_interative_with_d_r_c/clk_out1
    SLICE_X33Y33         FDCE                                         r  u_salsa_hash_interative_wrapper/u_hash_interative_with_d_r_c/matrix_in2_duouble_reg[0][0][2]/C
                         clock pessimism             -0.505     9.919    
                         clock uncertainty           -0.147     9.772    
    SLICE_X33Y33         FDCE (Recov_fdce_C_CLR)     -0.405     9.367    u_salsa_hash_interative_wrapper/u_hash_interative_with_d_r_c/matrix_in2_duouble_reg[0][0][2]
  -------------------------------------------------------------------
                         required time                          9.367    
                         arrival time                          -6.142    
  -------------------------------------------------------------------
                         slack                                  3.225    





Min Delay Paths
--------------------------------------------------------------------------------------
Slack (MET) :             0.449ns  (arrival time - required time)
  Source:                 salsa_top_rst_n
                            (input port clocked by salsa_top_80mhz_pll_clk  {rise@0.000ns fall@6.250ns period=12.500ns})
  Destination:            u_salsa_registers/salsa_plain_text_regs_4_reg[20]/CLR
                            (removal check against rising-edge clock salsa_top_80mhz_pll_clk  {rise@0.000ns fall@6.250ns period=12.500ns})
  Path Group:             **async_default**
  Path Type:              Removal (Min at Fast Process Corner)
  Requirement:            0.000ns  (salsa_top_80mhz_pll_clk rise@0.000ns - salsa_top_80mhz_pll_clk rise@0.000ns)
  Data Path Delay:        1.366ns  (logic 0.269ns (19.712%)  route 1.097ns (80.288%))
  Logic Levels:           2  (IBUF=1 LUT1=1)
  Input Delay:            0.000ns
  Clock Path Skew:        0.861ns (DCD - SCD - CPR)
    Destination Clock Delay (DCD):    -0.307ns
    Source Clock Delay      (SCD):    -1.129ns
    Clock Pessimism Removal (CPR):    -0.039ns
  Clock Uncertainty:      0.147ns  ((TSJ^2 + DJ^2)^1/2) / 2 + PE
    Total System Jitter     (TSJ):    0.071ns
    Discrete Jitter          (DJ):    0.286ns
    Phase Error              (PE):    0.000ns

    Location             Delay type                Incr(ns)  Path(ns)    Netlist Resource(s)
  -------------------------------------------------------------------    -------------------
                         (clock salsa_top_80mhz_pll_clk rise edge)
                                                      0.000     0.000 r  
    W5                                                0.000     0.000 r  salsa_top_100mhz_clk (IN)
                         net (fo=0)                   0.000     0.000    salsa_top_xilinix_ip_pll/inst/clk_in1
    W5                   IBUF (Prop_ibuf_I_O)         0.226     0.226 r  salsa_top_xilinix_ip_pll/inst/clkin1_ibufg/O
                         net (fo=1, routed)           0.440     0.667    salsa_top_xilinix_ip_pll/inst/clk_in1_clk_wiz_0
    PLLE2_ADV_X1Y0       PLLE2_ADV (Prop_plle2_adv_CLKIN1_CLKOUT0)
                                                     -2.322    -1.656 r  salsa_top_xilinix_ip_pll/inst/plle2_adv_inst/CLKOUT0
                         net (fo=1, routed)           0.501    -1.155    salsa_top_xilinix_ip_pll/inst/clk_out1_clk_wiz_0
    BUFGCTRL_X0Y0        BUFG (Prop_bufg_I_O)         0.026    -1.129 r  salsa_top_xilinix_ip_pll/inst/clkout1_buf/O
  -------------------------------------------------------------------    -------------------
                         input delay                  0.000    -1.129    
    R2                                                0.000    -1.129 r  salsa_top_rst_n (IN)
                         net (fo=0)                   0.000    -1.129    salsa_top_rst_n
    R2                   IBUF (Prop_ibuf_I_O)         0.224    -0.905 r  salsa_top_rst_n_IBUF_inst/O
                         net (fo=5, routed)           0.841    -0.064    u_salsa_hash_interative_wrapper/salsa_top_rst_n_IBUF
    SLICE_X64Y59         LUT1 (Prop_lut1_I0_O)        0.045    -0.019 f  u_salsa_hash_interative_wrapper/FSM_sequential_d_r_c_fsm_ps[2]_i_2/O
                         net (fo=7210, routed)        0.256     0.237    u_salsa_registers/salsa_hashing_text_ff_reg[511]_0
    SLICE_X65Y61         FDCE                                         f  u_salsa_registers/salsa_plain_text_regs_4_reg[20]/CLR
  -------------------------------------------------------------------    -------------------

                         (clock salsa_top_80mhz_pll_clk rise edge)
                                                      0.000     0.000 r  
    W5                                                0.000     0.000 r  salsa_top_100mhz_clk (IN)
                         net (fo=0)                   0.000     0.000    salsa_top_xilinix_ip_pll/inst/clk_in1
    W5                   IBUF (Prop_ibuf_I_O)         0.414     0.414 r  salsa_top_xilinix_ip_pll/inst/clkin1_ibufg/O
                         net (fo=1, routed)           0.481     0.895    salsa_top_xilinix_ip_pll/inst/clk_in1_clk_wiz_0
    PLLE2_ADV_X1Y0       PLLE2_ADV (Prop_plle2_adv_CLKIN1_CLKOUT0)
                                                     -2.638    -1.743 r  salsa_top_xilinix_ip_pll/inst/plle2_adv_inst/CLKOUT0
                         net (fo=1, routed)           0.546    -1.197    salsa_top_xilinix_ip_pll/inst/clk_out1_clk_wiz_0
    BUFGCTRL_X0Y0        BUFG (Prop_bufg_I_O)         0.029    -1.168 r  salsa_top_xilinix_ip_pll/inst/clkout1_buf/O
                         net (fo=7218, routed)        0.861    -0.307    u_salsa_registers/clk_out1
    SLICE_X65Y61         FDCE                                         r  u_salsa_registers/salsa_plain_text_regs_4_reg[20]/C
                         clock pessimism              0.039    -0.267    
                         clock uncertainty            0.147    -0.120    
    SLICE_X65Y61         FDCE (Remov_fdce_C_CLR)     -0.092    -0.212    u_salsa_registers/salsa_plain_text_regs_4_reg[20]
  -------------------------------------------------------------------
                         required time                          0.212    
                         arrival time                           0.237    
  -------------------------------------------------------------------
                         slack                                  0.449    

Slack (MET) :             0.449ns  (arrival time - required time)
  Source:                 salsa_top_rst_n
                            (input port clocked by salsa_top_80mhz_pll_clk  {rise@0.000ns fall@6.250ns period=12.500ns})
  Destination:            u_salsa_registers/salsa_plain_text_regs_4_reg[23]/CLR
                            (removal check against rising-edge clock salsa_top_80mhz_pll_clk  {rise@0.000ns fall@6.250ns period=12.500ns})
  Path Group:             **async_default**
  Path Type:              Removal (Min at Fast Process Corner)
  Requirement:            0.000ns  (salsa_top_80mhz_pll_clk rise@0.000ns - salsa_top_80mhz_pll_clk rise@0.000ns)
  Data Path Delay:        1.366ns  (logic 0.269ns (19.712%)  route 1.097ns (80.288%))
  Logic Levels:           2  (IBUF=1 LUT1=1)
  Input Delay:            0.000ns
  Clock Path Skew:        0.861ns (DCD - SCD - CPR)
    Destination Clock Delay (DCD):    -0.307ns
    Source Clock Delay      (SCD):    -1.129ns
    Clock Pessimism Removal (CPR):    -0.039ns
  Clock Uncertainty:      0.147ns  ((TSJ^2 + DJ^2)^1/2) / 2 + PE
    Total System Jitter     (TSJ):    0.071ns
    Discrete Jitter          (DJ):    0.286ns
    Phase Error              (PE):    0.000ns

    Location             Delay type                Incr(ns)  Path(ns)    Netlist Resource(s)
  -------------------------------------------------------------------    -------------------
                         (clock salsa_top_80mhz_pll_clk rise edge)
                                                      0.000     0.000 r  
    W5                                                0.000     0.000 r  salsa_top_100mhz_clk (IN)
                         net (fo=0)                   0.000     0.000    salsa_top_xilinix_ip_pll/inst/clk_in1
    W5                   IBUF (Prop_ibuf_I_O)         0.226     0.226 r  salsa_top_xilinix_ip_pll/inst/clkin1_ibufg/O
                         net (fo=1, routed)           0.440     0.667    salsa_top_xilinix_ip_pll/inst/clk_in1_clk_wiz_0
    PLLE2_ADV_X1Y0       PLLE2_ADV (Prop_plle2_adv_CLKIN1_CLKOUT0)
                                                     -2.322    -1.656 r  salsa_top_xilinix_ip_pll/inst/plle2_adv_inst/CLKOUT0
                         net (fo=1, routed)           0.501    -1.155    salsa_top_xilinix_ip_pll/inst/clk_out1_clk_wiz_0
    BUFGCTRL_X0Y0        BUFG (Prop_bufg_I_O)         0.026    -1.129 r  salsa_top_xilinix_ip_pll/inst/clkout1_buf/O
  -------------------------------------------------------------------    -------------------
                         input delay                  0.000    -1.129    
    R2                                                0.000    -1.129 r  salsa_top_rst_n (IN)
                         net (fo=0)                   0.000    -1.129    salsa_top_rst_n
    R2                   IBUF (Prop_ibuf_I_O)         0.224    -0.905 r  salsa_top_rst_n_IBUF_inst/O
                         net (fo=5, routed)           0.841    -0.064    u_salsa_hash_interative_wrapper/salsa_top_rst_n_IBUF
    SLICE_X64Y59         LUT1 (Prop_lut1_I0_O)        0.045    -0.019 f  u_salsa_hash_interative_wrapper/FSM_sequential_d_r_c_fsm_ps[2]_i_2/O
                         net (fo=7210, routed)        0.256     0.237    u_salsa_registers/salsa_hashing_text_ff_reg[511]_0
    SLICE_X65Y61         FDCE                                         f  u_salsa_registers/salsa_plain_text_regs_4_reg[23]/CLR
  -------------------------------------------------------------------    -------------------

                         (clock salsa_top_80mhz_pll_clk rise edge)
                                                      0.000     0.000 r  
    W5                                                0.000     0.000 r  salsa_top_100mhz_clk (IN)
                         net (fo=0)                   0.000     0.000    salsa_top_xilinix_ip_pll/inst/clk_in1
    W5                   IBUF (Prop_ibuf_I_O)         0.414     0.414 r  salsa_top_xilinix_ip_pll/inst/clkin1_ibufg/O
                         net (fo=1, routed)           0.481     0.895    salsa_top_xilinix_ip_pll/inst/clk_in1_clk_wiz_0
    PLLE2_ADV_X1Y0       PLLE2_ADV (Prop_plle2_adv_CLKIN1_CLKOUT0)
                                                     -2.638    -1.743 r  salsa_top_xilinix_ip_pll/inst/plle2_adv_inst/CLKOUT0
                         net (fo=1, routed)           0.546    -1.197    salsa_top_xilinix_ip_pll/inst/clk_out1_clk_wiz_0
    BUFGCTRL_X0Y0        BUFG (Prop_bufg_I_O)         0.029    -1.168 r  salsa_top_xilinix_ip_pll/inst/clkout1_buf/O
                         net (fo=7218, routed)        0.861    -0.307    u_salsa_registers/clk_out1
    SLICE_X65Y61         FDCE                                         r  u_salsa_registers/salsa_plain_text_regs_4_reg[23]/C
                         clock pessimism              0.039    -0.267    
                         clock uncertainty            0.147    -0.120    
    SLICE_X65Y61         FDCE (Remov_fdce_C_CLR)     -0.092    -0.212    u_salsa_registers/salsa_plain_text_regs_4_reg[23]
  -------------------------------------------------------------------
                         required time                          0.212    
                         arrival time                           0.237    
  -------------------------------------------------------------------
                         slack                                  0.449    

Slack (MET) :             0.523ns  (arrival time - required time)
  Source:                 salsa_top_rst_n
                            (input port clocked by salsa_top_80mhz_pll_clk  {rise@0.000ns fall@6.250ns period=12.500ns})
  Destination:            u_salsa_uart_tx/bit_cnt_reg[0]/CLR
                            (removal check against rising-edge clock salsa_top_80mhz_pll_clk  {rise@0.000ns fall@6.250ns period=12.500ns})
  Path Group:             **async_default**
  Path Type:              Removal (Min at Fast Process Corner)
  Requirement:            0.000ns  (salsa_top_80mhz_pll_clk rise@0.000ns - salsa_top_80mhz_pll_clk rise@0.000ns)
  Data Path Delay:        1.439ns  (logic 0.269ns (18.708%)  route 1.170ns (81.292%))
  Logic Levels:           2  (IBUF=1 LUT1=1)
  Input Delay:            0.000ns
  Clock Path Skew:        0.861ns (DCD - SCD - CPR)
    Destination Clock Delay (DCD):    -0.307ns
    Source Clock Delay      (SCD):    -1.129ns
    Clock Pessimism Removal (CPR):    -0.039ns
  Clock Uncertainty:      0.147ns  ((TSJ^2 + DJ^2)^1/2) / 2 + PE
    Total System Jitter     (TSJ):    0.071ns
    Discrete Jitter          (DJ):    0.286ns
    Phase Error              (PE):    0.000ns

    Location             Delay type                Incr(ns)  Path(ns)    Netlist Resource(s)
  -------------------------------------------------------------------    -------------------
                         (clock salsa_top_80mhz_pll_clk rise edge)
                                                      0.000     0.000 r  
    W5                                                0.000     0.000 r  salsa_top_100mhz_clk (IN)
                         net (fo=0)                   0.000     0.000    salsa_top_xilinix_ip_pll/inst/clk_in1
    W5                   IBUF (Prop_ibuf_I_O)         0.226     0.226 r  salsa_top_xilinix_ip_pll/inst/clkin1_ibufg/O
                         net (fo=1, routed)           0.440     0.667    salsa_top_xilinix_ip_pll/inst/clk_in1_clk_wiz_0
    PLLE2_ADV_X1Y0       PLLE2_ADV (Prop_plle2_adv_CLKIN1_CLKOUT0)
                                                     -2.322    -1.656 r  salsa_top_xilinix_ip_pll/inst/plle2_adv_inst/CLKOUT0
                         net (fo=1, routed)           0.501    -1.155    salsa_top_xilinix_ip_pll/inst/clk_out1_clk_wiz_0
    BUFGCTRL_X0Y0        BUFG (Prop_bufg_I_O)         0.026    -1.129 r  salsa_top_xilinix_ip_pll/inst/clkout1_buf/O
  -------------------------------------------------------------------    -------------------
                         input delay                  0.000    -1.129    
    R2                                                0.000    -1.129 r  salsa_top_rst_n (IN)
                         net (fo=0)                   0.000    -1.129    salsa_top_rst_n
    R2                   IBUF (Prop_ibuf_I_O)         0.224    -0.905 r  salsa_top_rst_n_IBUF_inst/O
                         net (fo=5, routed)           0.841    -0.064    u_salsa_hash_interative_wrapper/salsa_top_rst_n_IBUF
    SLICE_X64Y59         LUT1 (Prop_lut1_I0_O)        0.045    -0.019 f  u_salsa_hash_interative_wrapper/FSM_sequential_d_r_c_fsm_ps[2]_i_2/O
                         net (fo=7210, routed)        0.329     0.310    u_salsa_uart_tx/done_reg_0
    SLICE_X63Y60         FDCE                                         f  u_salsa_uart_tx/bit_cnt_reg[0]/CLR
  -------------------------------------------------------------------    -------------------

                         (clock salsa_top_80mhz_pll_clk rise edge)
                                                      0.000     0.000 r  
    W5                                                0.000     0.000 r  salsa_top_100mhz_clk (IN)
                         net (fo=0)                   0.000     0.000    salsa_top_xilinix_ip_pll/inst/clk_in1
    W5                   IBUF (Prop_ibuf_I_O)         0.414     0.414 r  salsa_top_xilinix_ip_pll/inst/clkin1_ibufg/O
                         net (fo=1, routed)           0.481     0.895    salsa_top_xilinix_ip_pll/inst/clk_in1_clk_wiz_0
    PLLE2_ADV_X1Y0       PLLE2_ADV (Prop_plle2_adv_CLKIN1_CLKOUT0)
                                                     -2.638    -1.743 r  salsa_top_xilinix_ip_pll/inst/plle2_adv_inst/CLKOUT0
                         net (fo=1, routed)           0.546    -1.197    salsa_top_xilinix_ip_pll/inst/clk_out1_clk_wiz_0
    BUFGCTRL_X0Y0        BUFG (Prop_bufg_I_O)         0.029    -1.168 r  salsa_top_xilinix_ip_pll/inst/clkout1_buf/O
                         net (fo=7218, routed)        0.861    -0.307    u_salsa_uart_tx/clk_out1
    SLICE_X63Y60         FDCE                                         r  u_salsa_uart_tx/bit_cnt_reg[0]/C
                         clock pessimism              0.039    -0.267    
                         clock uncertainty            0.147    -0.120    
    SLICE_X63Y60         FDCE (Remov_fdce_C_CLR)     -0.092    -0.212    u_salsa_uart_tx/bit_cnt_reg[0]
  -------------------------------------------------------------------
                         required time                          0.212    
                         arrival time                           0.310    
  -------------------------------------------------------------------
                         slack                                  0.523    

Slack (MET) :             0.523ns  (arrival time - required time)
  Source:                 salsa_top_rst_n
                            (input port clocked by salsa_top_80mhz_pll_clk  {rise@0.000ns fall@6.250ns period=12.500ns})
  Destination:            u_salsa_uart_tx/bit_cnt_reg[1]/CLR
                            (removal check against rising-edge clock salsa_top_80mhz_pll_clk  {rise@0.000ns fall@6.250ns period=12.500ns})
  Path Group:             **async_default**
  Path Type:              Removal (Min at Fast Process Corner)
  Requirement:            0.000ns  (salsa_top_80mhz_pll_clk rise@0.000ns - salsa_top_80mhz_pll_clk rise@0.000ns)
  Data Path Delay:        1.439ns  (logic 0.269ns (18.708%)  route 1.170ns (81.292%))
  Logic Levels:           2  (IBUF=1 LUT1=1)
  Input Delay:            0.000ns
  Clock Path Skew:        0.861ns (DCD - SCD - CPR)
    Destination Clock Delay (DCD):    -0.307ns
    Source Clock Delay      (SCD):    -1.129ns
    Clock Pessimism Removal (CPR):    -0.039ns
  Clock Uncertainty:      0.147ns  ((TSJ^2 + DJ^2)^1/2) / 2 + PE
    Total System Jitter     (TSJ):    0.071ns
    Discrete Jitter          (DJ):    0.286ns
    Phase Error              (PE):    0.000ns

    Location             Delay type                Incr(ns)  Path(ns)    Netlist Resource(s)
  -------------------------------------------------------------------    -------------------
                         (clock salsa_top_80mhz_pll_clk rise edge)
                                                      0.000     0.000 r  
    W5                                                0.000     0.000 r  salsa_top_100mhz_clk (IN)
                         net (fo=0)                   0.000     0.000    salsa_top_xilinix_ip_pll/inst/clk_in1
    W5                   IBUF (Prop_ibuf_I_O)         0.226     0.226 r  salsa_top_xilinix_ip_pll/inst/clkin1_ibufg/O
                         net (fo=1, routed)           0.440     0.667    salsa_top_xilinix_ip_pll/inst/clk_in1_clk_wiz_0
    PLLE2_ADV_X1Y0       PLLE2_ADV (Prop_plle2_adv_CLKIN1_CLKOUT0)
                                                     -2.322    -1.656 r  salsa_top_xilinix_ip_pll/inst/plle2_adv_inst/CLKOUT0
                         net (fo=1, routed)           0.501    -1.155    salsa_top_xilinix_ip_pll/inst/clk_out1_clk_wiz_0
    BUFGCTRL_X0Y0        BUFG (Prop_bufg_I_O)         0.026    -1.129 r  salsa_top_xilinix_ip_pll/inst/clkout1_buf/O
  -------------------------------------------------------------------    -------------------
                         input delay                  0.000    -1.129    
    R2                                                0.000    -1.129 r  salsa_top_rst_n (IN)
                         net (fo=0)                   0.000    -1.129    salsa_top_rst_n
    R2                   IBUF (Prop_ibuf_I_O)         0.224    -0.905 r  salsa_top_rst_n_IBUF_inst/O
                         net (fo=5, routed)           0.841    -0.064    u_salsa_hash_interative_wrapper/salsa_top_rst_n_IBUF
    SLICE_X64Y59         LUT1 (Prop_lut1_I0_O)        0.045    -0.019 f  u_salsa_hash_interative_wrapper/FSM_sequential_d_r_c_fsm_ps[2]_i_2/O
                         net (fo=7210, routed)        0.329     0.310    u_salsa_uart_tx/done_reg_0
    SLICE_X63Y60         FDCE                                         f  u_salsa_uart_tx/bit_cnt_reg[1]/CLR
  -------------------------------------------------------------------    -------------------

                         (clock salsa_top_80mhz_pll_clk rise edge)
                                                      0.000     0.000 r  
    W5                                                0.000     0.000 r  salsa_top_100mhz_clk (IN)
                         net (fo=0)                   0.000     0.000    salsa_top_xilinix_ip_pll/inst/clk_in1
    W5                   IBUF (Prop_ibuf_I_O)         0.414     0.414 r  salsa_top_xilinix_ip_pll/inst/clkin1_ibufg/O
                         net (fo=1, routed)           0.481     0.895    salsa_top_xilinix_ip_pll/inst/clk_in1_clk_wiz_0
    PLLE2_ADV_X1Y0       PLLE2_ADV (Prop_plle2_adv_CLKIN1_CLKOUT0)
                                                     -2.638    -1.743 r  salsa_top_xilinix_ip_pll/inst/plle2_adv_inst/CLKOUT0
                         net (fo=1, routed)           0.546    -1.197    salsa_top_xilinix_ip_pll/inst/clk_out1_clk_wiz_0
    BUFGCTRL_X0Y0        BUFG (Prop_bufg_I_O)         0.029    -1.168 r  salsa_top_xilinix_ip_pll/inst/clkout1_buf/O
                         net (fo=7218, routed)        0.861    -0.307    u_salsa_uart_tx/clk_out1
    SLICE_X63Y60         FDCE                                         r  u_salsa_uart_tx/bit_cnt_reg[1]/C
                         clock pessimism              0.039    -0.267    
                         clock uncertainty            0.147    -0.120    
    SLICE_X63Y60         FDCE (Remov_fdce_C_CLR)     -0.092    -0.212    u_salsa_uart_tx/bit_cnt_reg[1]
  -------------------------------------------------------------------
                         required time                          0.212    
                         arrival time                           0.310    
  -------------------------------------------------------------------
                         slack                                  0.523    

Slack (MET) :             0.523ns  (arrival time - required time)
  Source:                 salsa_top_rst_n
                            (input port clocked by salsa_top_80mhz_pll_clk  {rise@0.000ns fall@6.250ns period=12.500ns})
  Destination:            u_salsa_uart_tx/bit_cnt_reg[2]/CLR
                            (removal check against rising-edge clock salsa_top_80mhz_pll_clk  {rise@0.000ns fall@6.250ns period=12.500ns})
  Path Group:             **async_default**
  Path Type:              Removal (Min at Fast Process Corner)
  Requirement:            0.000ns  (salsa_top_80mhz_pll_clk rise@0.000ns - salsa_top_80mhz_pll_clk rise@0.000ns)
  Data Path Delay:        1.439ns  (logic 0.269ns (18.708%)  route 1.170ns (81.292%))
  Logic Levels:           2  (IBUF=1 LUT1=1)
  Input Delay:            0.000ns
  Clock Path Skew:        0.861ns (DCD - SCD - CPR)
    Destination Clock Delay (DCD):    -0.307ns
    Source Clock Delay      (SCD):    -1.129ns
    Clock Pessimism Removal (CPR):    -0.039ns
  Clock Uncertainty:      0.147ns  ((TSJ^2 + DJ^2)^1/2) / 2 + PE
    Total System Jitter     (TSJ):    0.071ns
    Discrete Jitter          (DJ):    0.286ns
    Phase Error              (PE):    0.000ns

    Location             Delay type                Incr(ns)  Path(ns)    Netlist Resource(s)
  -------------------------------------------------------------------    -------------------
                         (clock salsa_top_80mhz_pll_clk rise edge)
                                                      0.000     0.000 r  
    W5                                                0.000     0.000 r  salsa_top_100mhz_clk (IN)
                         net (fo=0)                   0.000     0.000    salsa_top_xilinix_ip_pll/inst/clk_in1
    W5                   IBUF (Prop_ibuf_I_O)         0.226     0.226 r  salsa_top_xilinix_ip_pll/inst/clkin1_ibufg/O
                         net (fo=1, routed)           0.440     0.667    salsa_top_xilinix_ip_pll/inst/clk_in1_clk_wiz_0
    PLLE2_ADV_X1Y0       PLLE2_ADV (Prop_plle2_adv_CLKIN1_CLKOUT0)
                                                     -2.322    -1.656 r  salsa_top_xilinix_ip_pll/inst/plle2_adv_inst/CLKOUT0
                         net (fo=1, routed)           0.501    -1.155    salsa_top_xilinix_ip_pll/inst/clk_out1_clk_wiz_0
    BUFGCTRL_X0Y0        BUFG (Prop_bufg_I_O)         0.026    -1.129 r  salsa_top_xilinix_ip_pll/inst/clkout1_buf/O
  -------------------------------------------------------------------    -------------------
                         input delay                  0.000    -1.129    
    R2                                                0.000    -1.129 r  salsa_top_rst_n (IN)
                         net (fo=0)                   0.000    -1.129    salsa_top_rst_n
    R2                   IBUF (Prop_ibuf_I_O)         0.224    -0.905 r  salsa_top_rst_n_IBUF_inst/O
                         net (fo=5, routed)           0.841    -0.064    u_salsa_hash_interative_wrapper/salsa_top_rst_n_IBUF
    SLICE_X64Y59         LUT1 (Prop_lut1_I0_O)        0.045    -0.019 f  u_salsa_hash_interative_wrapper/FSM_sequential_d_r_c_fsm_ps[2]_i_2/O
                         net (fo=7210, routed)        0.329     0.310    u_salsa_uart_tx/done_reg_0
    SLICE_X63Y60         FDCE                                         f  u_salsa_uart_tx/bit_cnt_reg[2]/CLR
  -------------------------------------------------------------------    -------------------

                         (clock salsa_top_80mhz_pll_clk rise edge)
                                                      0.000     0.000 r  
    W5                                                0.000     0.000 r  salsa_top_100mhz_clk (IN)
                         net (fo=0)                   0.000     0.000    salsa_top_xilinix_ip_pll/inst/clk_in1
    W5                   IBUF (Prop_ibuf_I_O)         0.414     0.414 r  salsa_top_xilinix_ip_pll/inst/clkin1_ibufg/O
                         net (fo=1, routed)           0.481     0.895    salsa_top_xilinix_ip_pll/inst/clk_in1_clk_wiz_0
    PLLE2_ADV_X1Y0       PLLE2_ADV (Prop_plle2_adv_CLKIN1_CLKOUT0)
                                                     -2.638    -1.743 r  salsa_top_xilinix_ip_pll/inst/plle2_adv_inst/CLKOUT0
                         net (fo=1, routed)           0.546    -1.197    salsa_top_xilinix_ip_pll/inst/clk_out1_clk_wiz_0
    BUFGCTRL_X0Y0        BUFG (Prop_bufg_I_O)         0.029    -1.168 r  salsa_top_xilinix_ip_pll/inst/clkout1_buf/O
                         net (fo=7218, routed)        0.861    -0.307    u_salsa_uart_tx/clk_out1
    SLICE_X63Y60         FDCE                                         r  u_salsa_uart_tx/bit_cnt_reg[2]/C
                         clock pessimism              0.039    -0.267    
                         clock uncertainty            0.147    -0.120    
    SLICE_X63Y60         FDCE (Remov_fdce_C_CLR)     -0.092    -0.212    u_salsa_uart_tx/bit_cnt_reg[2]
  -------------------------------------------------------------------
                         required time                          0.212    
                         arrival time                           0.310    
  -------------------------------------------------------------------
                         slack                                  0.523    

Slack (MET) :             0.523ns  (arrival time - required time)
  Source:                 salsa_top_rst_n
                            (input port clocked by salsa_top_80mhz_pll_clk  {rise@0.000ns fall@6.250ns period=12.500ns})
  Destination:            u_salsa_uart_tx/bit_cnt_reg[3]/CLR
                            (removal check against rising-edge clock salsa_top_80mhz_pll_clk  {rise@0.000ns fall@6.250ns period=12.500ns})
  Path Group:             **async_default**
  Path Type:              Removal (Min at Fast Process Corner)
  Requirement:            0.000ns  (salsa_top_80mhz_pll_clk rise@0.000ns - salsa_top_80mhz_pll_clk rise@0.000ns)
  Data Path Delay:        1.439ns  (logic 0.269ns (18.708%)  route 1.170ns (81.292%))
  Logic Levels:           2  (IBUF=1 LUT1=1)
  Input Delay:            0.000ns
  Clock Path Skew:        0.861ns (DCD - SCD - CPR)
    Destination Clock Delay (DCD):    -0.307ns
    Source Clock Delay      (SCD):    -1.129ns
    Clock Pessimism Removal (CPR):    -0.039ns
  Clock Uncertainty:      0.147ns  ((TSJ^2 + DJ^2)^1/2) / 2 + PE
    Total System Jitter     (TSJ):    0.071ns
    Discrete Jitter          (DJ):    0.286ns
    Phase Error              (PE):    0.000ns

    Location             Delay type                Incr(ns)  Path(ns)    Netlist Resource(s)
  -------------------------------------------------------------------    -------------------
                         (clock salsa_top_80mhz_pll_clk rise edge)
                                                      0.000     0.000 r  
    W5                                                0.000     0.000 r  salsa_top_100mhz_clk (IN)
                         net (fo=0)                   0.000     0.000    salsa_top_xilinix_ip_pll/inst/clk_in1
    W5                   IBUF (Prop_ibuf_I_O)         0.226     0.226 r  salsa_top_xilinix_ip_pll/inst/clkin1_ibufg/O
                         net (fo=1, routed)           0.440     0.667    salsa_top_xilinix_ip_pll/inst/clk_in1_clk_wiz_0
    PLLE2_ADV_X1Y0       PLLE2_ADV (Prop_plle2_adv_CLKIN1_CLKOUT0)
                                                     -2.322    -1.656 r  salsa_top_xilinix_ip_pll/inst/plle2_adv_inst/CLKOUT0
                         net (fo=1, routed)           0.501    -1.155    salsa_top_xilinix_ip_pll/inst/clk_out1_clk_wiz_0
    BUFGCTRL_X0Y0        BUFG (Prop_bufg_I_O)         0.026    -1.129 r  salsa_top_xilinix_ip_pll/inst/clkout1_buf/O
  -------------------------------------------------------------------    -------------------
                         input delay                  0.000    -1.129    
    R2                                                0.000    -1.129 r  salsa_top_rst_n (IN)
                         net (fo=0)                   0.000    -1.129    salsa_top_rst_n
    R2                   IBUF (Prop_ibuf_I_O)         0.224    -0.905 r  salsa_top_rst_n_IBUF_inst/O
                         net (fo=5, routed)           0.841    -0.064    u_salsa_hash_interative_wrapper/salsa_top_rst_n_IBUF
    SLICE_X64Y59         LUT1 (Prop_lut1_I0_O)        0.045    -0.019 f  u_salsa_hash_interative_wrapper/FSM_sequential_d_r_c_fsm_ps[2]_i_2/O
                         net (fo=7210, routed)        0.329     0.310    u_salsa_uart_tx/done_reg_0
    SLICE_X63Y60         FDCE                                         f  u_salsa_uart_tx/bit_cnt_reg[3]/CLR
  -------------------------------------------------------------------    -------------------

                         (clock salsa_top_80mhz_pll_clk rise edge)
                                                      0.000     0.000 r  
    W5                                                0.000     0.000 r  salsa_top_100mhz_clk (IN)
                         net (fo=0)                   0.000     0.000    salsa_top_xilinix_ip_pll/inst/clk_in1
    W5                   IBUF (Prop_ibuf_I_O)         0.414     0.414 r  salsa_top_xilinix_ip_pll/inst/clkin1_ibufg/O
                         net (fo=1, routed)           0.481     0.895    salsa_top_xilinix_ip_pll/inst/clk_in1_clk_wiz_0
    PLLE2_ADV_X1Y0       PLLE2_ADV (Prop_plle2_adv_CLKIN1_CLKOUT0)
                                                     -2.638    -1.743 r  salsa_top_xilinix_ip_pll/inst/plle2_adv_inst/CLKOUT0
                         net (fo=1, routed)           0.546    -1.197    salsa_top_xilinix_ip_pll/inst/clk_out1_clk_wiz_0
    BUFGCTRL_X0Y0        BUFG (Prop_bufg_I_O)         0.029    -1.168 r  salsa_top_xilinix_ip_pll/inst/clkout1_buf/O
                         net (fo=7218, routed)        0.861    -0.307    u_salsa_uart_tx/clk_out1
    SLICE_X63Y60         FDCE                                         r  u_salsa_uart_tx/bit_cnt_reg[3]/C
                         clock pessimism              0.039    -0.267    
                         clock uncertainty            0.147    -0.120    
    SLICE_X63Y60         FDCE (Remov_fdce_C_CLR)     -0.092    -0.212    u_salsa_uart_tx/bit_cnt_reg[3]
  -------------------------------------------------------------------
                         required time                          0.212    
                         arrival time                           0.310    
  -------------------------------------------------------------------
                         slack                                  0.523    

Slack (MET) :             0.523ns  (arrival time - required time)
  Source:                 salsa_top_rst_n
                            (input port clocked by salsa_top_80mhz_pll_clk  {rise@0.000ns fall@6.250ns period=12.500ns})
  Destination:            u_salsa_uart_tx/done_reg/CLR
                            (removal check against rising-edge clock salsa_top_80mhz_pll_clk  {rise@0.000ns fall@6.250ns period=12.500ns})
  Path Group:             **async_default**
  Path Type:              Removal (Min at Fast Process Corner)
  Requirement:            0.000ns  (salsa_top_80mhz_pll_clk rise@0.000ns - salsa_top_80mhz_pll_clk rise@0.000ns)
  Data Path Delay:        1.439ns  (logic 0.269ns (18.708%)  route 1.170ns (81.292%))
  Logic Levels:           2  (IBUF=1 LUT1=1)
  Input Delay:            0.000ns
  Clock Path Skew:        0.861ns (DCD - SCD - CPR)
    Destination Clock Delay (DCD):    -0.307ns
    Source Clock Delay      (SCD):    -1.129ns
    Clock Pessimism Removal (CPR):    -0.039ns
  Clock Uncertainty:      0.147ns  ((TSJ^2 + DJ^2)^1/2) / 2 + PE
    Total System Jitter     (TSJ):    0.071ns
    Discrete Jitter          (DJ):    0.286ns
    Phase Error              (PE):    0.000ns

    Location             Delay type                Incr(ns)  Path(ns)    Netlist Resource(s)
  -------------------------------------------------------------------    -------------------
                         (clock salsa_top_80mhz_pll_clk rise edge)
                                                      0.000     0.000 r  
    W5                                                0.000     0.000 r  salsa_top_100mhz_clk (IN)
                         net (fo=0)                   0.000     0.000    salsa_top_xilinix_ip_pll/inst/clk_in1
    W5                   IBUF (Prop_ibuf_I_O)         0.226     0.226 r  salsa_top_xilinix_ip_pll/inst/clkin1_ibufg/O
                         net (fo=1, routed)           0.440     0.667    salsa_top_xilinix_ip_pll/inst/clk_in1_clk_wiz_0
    PLLE2_ADV_X1Y0       PLLE2_ADV (Prop_plle2_adv_CLKIN1_CLKOUT0)
                                                     -2.322    -1.656 r  salsa_top_xilinix_ip_pll/inst/plle2_adv_inst/CLKOUT0
                         net (fo=1, routed)           0.501    -1.155    salsa_top_xilinix_ip_pll/inst/clk_out1_clk_wiz_0
    BUFGCTRL_X0Y0        BUFG (Prop_bufg_I_O)         0.026    -1.129 r  salsa_top_xilinix_ip_pll/inst/clkout1_buf/O
  -------------------------------------------------------------------    -------------------
                         input delay                  0.000    -1.129    
    R2                                                0.000    -1.129 r  salsa_top_rst_n (IN)
                         net (fo=0)                   0.000    -1.129    salsa_top_rst_n
    R2                   IBUF (Prop_ibuf_I_O)         0.224    -0.905 r  salsa_top_rst_n_IBUF_inst/O
                         net (fo=5, routed)           0.841    -0.064    u_salsa_hash_interative_wrapper/salsa_top_rst_n_IBUF
    SLICE_X64Y59         LUT1 (Prop_lut1_I0_O)        0.045    -0.019 f  u_salsa_hash_interative_wrapper/FSM_sequential_d_r_c_fsm_ps[2]_i_2/O
                         net (fo=7210, routed)        0.329     0.310    u_salsa_uart_tx/done_reg_0
    SLICE_X63Y60         FDCE                                         f  u_salsa_uart_tx/done_reg/CLR
  -------------------------------------------------------------------    -------------------

                         (clock salsa_top_80mhz_pll_clk rise edge)
                                                      0.000     0.000 r  
    W5                                                0.000     0.000 r  salsa_top_100mhz_clk (IN)
                         net (fo=0)                   0.000     0.000    salsa_top_xilinix_ip_pll/inst/clk_in1
    W5                   IBUF (Prop_ibuf_I_O)         0.414     0.414 r  salsa_top_xilinix_ip_pll/inst/clkin1_ibufg/O
                         net (fo=1, routed)           0.481     0.895    salsa_top_xilinix_ip_pll/inst/clk_in1_clk_wiz_0
    PLLE2_ADV_X1Y0       PLLE2_ADV (Prop_plle2_adv_CLKIN1_CLKOUT0)
                                                     -2.638    -1.743 r  salsa_top_xilinix_ip_pll/inst/plle2_adv_inst/CLKOUT0
                         net (fo=1, routed)           0.546    -1.197    salsa_top_xilinix_ip_pll/inst/clk_out1_clk_wiz_0
    BUFGCTRL_X0Y0        BUFG (Prop_bufg_I_O)         0.029    -1.168 r  salsa_top_xilinix_ip_pll/inst/clkout1_buf/O
                         net (fo=7218, routed)        0.861    -0.307    u_salsa_uart_tx/clk_out1
    SLICE_X63Y60         FDCE                                         r  u_salsa_uart_tx/done_reg/C
                         clock pessimism              0.039    -0.267    
                         clock uncertainty            0.147    -0.120    
    SLICE_X63Y60         FDCE (Remov_fdce_C_CLR)     -0.092    -0.212    u_salsa_uart_tx/done_reg
  -------------------------------------------------------------------
                         required time                          0.212    
                         arrival time                           0.310    
  -------------------------------------------------------------------
                         slack                                  0.523    

Slack (MET) :             0.527ns  (arrival time - required time)
  Source:                 salsa_top_rst_n
                            (input port clocked by salsa_top_80mhz_pll_clk  {rise@0.000ns fall@6.250ns period=12.500ns})
  Destination:            u_salsa_registers/salsa_plain_text_regs_2_reg[16]/CLR
                            (removal check against rising-edge clock salsa_top_80mhz_pll_clk  {rise@0.000ns fall@6.250ns period=12.500ns})
  Path Group:             **async_default**
  Path Type:              Removal (Min at Fast Process Corner)
  Requirement:            0.000ns  (salsa_top_80mhz_pll_clk rise@0.000ns - salsa_top_80mhz_pll_clk rise@0.000ns)
  Data Path Delay:        1.444ns  (logic 0.269ns (18.652%)  route 1.174ns (81.348%))
  Logic Levels:           2  (IBUF=1 LUT1=1)
  Input Delay:            0.000ns
  Clock Path Skew:        0.861ns (DCD - SCD - CPR)
    Destination Clock Delay (DCD):    -0.307ns
    Source Clock Delay      (SCD):    -1.129ns
    Clock Pessimism Removal (CPR):    -0.039ns
  Clock Uncertainty:      0.147ns  ((TSJ^2 + DJ^2)^1/2) / 2 + PE
    Total System Jitter     (TSJ):    0.071ns
    Discrete Jitter          (DJ):    0.286ns
    Phase Error              (PE):    0.000ns

    Location             Delay type                Incr(ns)  Path(ns)    Netlist Resource(s)
  -------------------------------------------------------------------    -------------------
                         (clock salsa_top_80mhz_pll_clk rise edge)
                                                      0.000     0.000 r  
    W5                                                0.000     0.000 r  salsa_top_100mhz_clk (IN)
                         net (fo=0)                   0.000     0.000    salsa_top_xilinix_ip_pll/inst/clk_in1
    W5                   IBUF (Prop_ibuf_I_O)         0.226     0.226 r  salsa_top_xilinix_ip_pll/inst/clkin1_ibufg/O
                         net (fo=1, routed)           0.440     0.667    salsa_top_xilinix_ip_pll/inst/clk_in1_clk_wiz_0
    PLLE2_ADV_X1Y0       PLLE2_ADV (Prop_plle2_adv_CLKIN1_CLKOUT0)
                                                     -2.322    -1.656 r  salsa_top_xilinix_ip_pll/inst/plle2_adv_inst/CLKOUT0
                         net (fo=1, routed)           0.501    -1.155    salsa_top_xilinix_ip_pll/inst/clk_out1_clk_wiz_0
    BUFGCTRL_X0Y0        BUFG (Prop_bufg_I_O)         0.026    -1.129 r  salsa_top_xilinix_ip_pll/inst/clkout1_buf/O
  -------------------------------------------------------------------    -------------------
                         input delay                  0.000    -1.129    
    R2                                                0.000    -1.129 r  salsa_top_rst_n (IN)
                         net (fo=0)                   0.000    -1.129    salsa_top_rst_n
    R2                   IBUF (Prop_ibuf_I_O)         0.224    -0.905 r  salsa_top_rst_n_IBUF_inst/O
                         net (fo=5, routed)           0.841    -0.064    u_salsa_hash_interative_wrapper/salsa_top_rst_n_IBUF
    SLICE_X64Y59         LUT1 (Prop_lut1_I0_O)        0.045    -0.019 f  u_salsa_hash_interative_wrapper/FSM_sequential_d_r_c_fsm_ps[2]_i_2/O
                         net (fo=7210, routed)        0.333     0.315    u_salsa_registers/salsa_hashing_text_ff_reg[511]_0
    SLICE_X62Y60         FDCE                                         f  u_salsa_registers/salsa_plain_text_regs_2_reg[16]/CLR
  -------------------------------------------------------------------    -------------------

                         (clock salsa_top_80mhz_pll_clk rise edge)
                                                      0.000     0.000 r  
    W5                                                0.000     0.000 r  salsa_top_100mhz_clk (IN)
                         net (fo=0)                   0.000     0.000    salsa_top_xilinix_ip_pll/inst/clk_in1
    W5                   IBUF (Prop_ibuf_I_O)         0.414     0.414 r  salsa_top_xilinix_ip_pll/inst/clkin1_ibufg/O
                         net (fo=1, routed)           0.481     0.895    salsa_top_xilinix_ip_pll/inst/clk_in1_clk_wiz_0
    PLLE2_ADV_X1Y0       PLLE2_ADV (Prop_plle2_adv_CLKIN1_CLKOUT0)
                                                     -2.638    -1.743 r  salsa_top_xilinix_ip_pll/inst/plle2_adv_inst/CLKOUT0
                         net (fo=1, routed)           0.546    -1.197    salsa_top_xilinix_ip_pll/inst/clk_out1_clk_wiz_0
    BUFGCTRL_X0Y0        BUFG (Prop_bufg_I_O)         0.029    -1.168 r  salsa_top_xilinix_ip_pll/inst/clkout1_buf/O
                         net (fo=7218, routed)        0.861    -0.307    u_salsa_registers/clk_out1
    SLICE_X62Y60         FDCE                                         r  u_salsa_registers/salsa_plain_text_regs_2_reg[16]/C
                         clock pessimism              0.039    -0.267    
                         clock uncertainty            0.147    -0.120    
    SLICE_X62Y60         FDCE (Remov_fdce_C_CLR)     -0.092    -0.212    u_salsa_registers/salsa_plain_text_regs_2_reg[16]
  -------------------------------------------------------------------
                         required time                          0.212    
                         arrival time                           0.315    
  -------------------------------------------------------------------
                         slack                                  0.527    

Slack (MET) :             0.527ns  (arrival time - required time)
  Source:                 salsa_top_rst_n
                            (input port clocked by salsa_top_80mhz_pll_clk  {rise@0.000ns fall@6.250ns period=12.500ns})
  Destination:            u_salsa_registers/salsa_plain_text_regs_2_reg[17]/CLR
                            (removal check against rising-edge clock salsa_top_80mhz_pll_clk  {rise@0.000ns fall@6.250ns period=12.500ns})
  Path Group:             **async_default**
  Path Type:              Removal (Min at Fast Process Corner)
  Requirement:            0.000ns  (salsa_top_80mhz_pll_clk rise@0.000ns - salsa_top_80mhz_pll_clk rise@0.000ns)
  Data Path Delay:        1.444ns  (logic 0.269ns (18.652%)  route 1.174ns (81.348%))
  Logic Levels:           2  (IBUF=1 LUT1=1)
  Input Delay:            0.000ns
  Clock Path Skew:        0.861ns (DCD - SCD - CPR)
    Destination Clock Delay (DCD):    -0.307ns
    Source Clock Delay      (SCD):    -1.129ns
    Clock Pessimism Removal (CPR):    -0.039ns
  Clock Uncertainty:      0.147ns  ((TSJ^2 + DJ^2)^1/2) / 2 + PE
    Total System Jitter     (TSJ):    0.071ns
    Discrete Jitter          (DJ):    0.286ns
    Phase Error              (PE):    0.000ns

    Location             Delay type                Incr(ns)  Path(ns)    Netlist Resource(s)
  -------------------------------------------------------------------    -------------------
                         (clock salsa_top_80mhz_pll_clk rise edge)
                                                      0.000     0.000 r  
    W5                                                0.000     0.000 r  salsa_top_100mhz_clk (IN)
                         net (fo=0)                   0.000     0.000    salsa_top_xilinix_ip_pll/inst/clk_in1
    W5                   IBUF (Prop_ibuf_I_O)         0.226     0.226 r  salsa_top_xilinix_ip_pll/inst/clkin1_ibufg/O
                         net (fo=1, routed)           0.440     0.667    salsa_top_xilinix_ip_pll/inst/clk_in1_clk_wiz_0
    PLLE2_ADV_X1Y0       PLLE2_ADV (Prop_plle2_adv_CLKIN1_CLKOUT0)
                                                     -2.322    -1.656 r  salsa_top_xilinix_ip_pll/inst/plle2_adv_inst/CLKOUT0
                         net (fo=1, routed)           0.501    -1.155    salsa_top_xilinix_ip_pll/inst/clk_out1_clk_wiz_0
    BUFGCTRL_X0Y0        BUFG (Prop_bufg_I_O)         0.026    -1.129 r  salsa_top_xilinix_ip_pll/inst/clkout1_buf/O
  -------------------------------------------------------------------    -------------------
                         input delay                  0.000    -1.129    
    R2                                                0.000    -1.129 r  salsa_top_rst_n (IN)
                         net (fo=0)                   0.000    -1.129    salsa_top_rst_n
    R2                   IBUF (Prop_ibuf_I_O)         0.224    -0.905 r  salsa_top_rst_n_IBUF_inst/O
                         net (fo=5, routed)           0.841    -0.064    u_salsa_hash_interative_wrapper/salsa_top_rst_n_IBUF
    SLICE_X64Y59         LUT1 (Prop_lut1_I0_O)        0.045    -0.019 f  u_salsa_hash_interative_wrapper/FSM_sequential_d_r_c_fsm_ps[2]_i_2/O
                         net (fo=7210, routed)        0.333     0.315    u_salsa_registers/salsa_hashing_text_ff_reg[511]_0
    SLICE_X62Y60         FDCE                                         f  u_salsa_registers/salsa_plain_text_regs_2_reg[17]/CLR
  -------------------------------------------------------------------    -------------------

                         (clock salsa_top_80mhz_pll_clk rise edge)
                                                      0.000     0.000 r  
    W5                                                0.000     0.000 r  salsa_top_100mhz_clk (IN)
                         net (fo=0)                   0.000     0.000    salsa_top_xilinix_ip_pll/inst/clk_in1
    W5                   IBUF (Prop_ibuf_I_O)         0.414     0.414 r  salsa_top_xilinix_ip_pll/inst/clkin1_ibufg/O
                         net (fo=1, routed)           0.481     0.895    salsa_top_xilinix_ip_pll/inst/clk_in1_clk_wiz_0
    PLLE2_ADV_X1Y0       PLLE2_ADV (Prop_plle2_adv_CLKIN1_CLKOUT0)
                                                     -2.638    -1.743 r  salsa_top_xilinix_ip_pll/inst/plle2_adv_inst/CLKOUT0
                         net (fo=1, routed)           0.546    -1.197    salsa_top_xilinix_ip_pll/inst/clk_out1_clk_wiz_0
    BUFGCTRL_X0Y0        BUFG (Prop_bufg_I_O)         0.029    -1.168 r  salsa_top_xilinix_ip_pll/inst/clkout1_buf/O
                         net (fo=7218, routed)        0.861    -0.307    u_salsa_registers/clk_out1
    SLICE_X62Y60         FDCE                                         r  u_salsa_registers/salsa_plain_text_regs_2_reg[17]/C
                         clock pessimism              0.039    -0.267    
                         clock uncertainty            0.147    -0.120    
    SLICE_X62Y60         FDCE (Remov_fdce_C_CLR)     -0.092    -0.212    u_salsa_registers/salsa_plain_text_regs_2_reg[17]
  -------------------------------------------------------------------
                         required time                          0.212    
                         arrival time                           0.315    
  -------------------------------------------------------------------
                         slack                                  0.527    

Slack (MET) :             0.527ns  (arrival time - required time)
  Source:                 salsa_top_rst_n
                            (input port clocked by salsa_top_80mhz_pll_clk  {rise@0.000ns fall@6.250ns period=12.500ns})
  Destination:            u_salsa_registers/salsa_plain_text_regs_2_reg[18]/CLR
                            (removal check against rising-edge clock salsa_top_80mhz_pll_clk  {rise@0.000ns fall@6.250ns period=12.500ns})
  Path Group:             **async_default**
  Path Type:              Removal (Min at Fast Process Corner)
  Requirement:            0.000ns  (salsa_top_80mhz_pll_clk rise@0.000ns - salsa_top_80mhz_pll_clk rise@0.000ns)
  Data Path Delay:        1.444ns  (logic 0.269ns (18.652%)  route 1.174ns (81.348%))
  Logic Levels:           2  (IBUF=1 LUT1=1)
  Input Delay:            0.000ns
  Clock Path Skew:        0.861ns (DCD - SCD - CPR)
    Destination Clock Delay (DCD):    -0.307ns
    Source Clock Delay      (SCD):    -1.129ns
    Clock Pessimism Removal (CPR):    -0.039ns
  Clock Uncertainty:      0.147ns  ((TSJ^2 + DJ^2)^1/2) / 2 + PE
    Total System Jitter     (TSJ):    0.071ns
    Discrete Jitter          (DJ):    0.286ns
    Phase Error              (PE):    0.000ns

    Location             Delay type                Incr(ns)  Path(ns)    Netlist Resource(s)
  -------------------------------------------------------------------    -------------------
                         (clock salsa_top_80mhz_pll_clk rise edge)
                                                      0.000     0.000 r  
    W5                                                0.000     0.000 r  salsa_top_100mhz_clk (IN)
                         net (fo=0)                   0.000     0.000    salsa_top_xilinix_ip_pll/inst/clk_in1
    W5                   IBUF (Prop_ibuf_I_O)         0.226     0.226 r  salsa_top_xilinix_ip_pll/inst/clkin1_ibufg/O
                         net (fo=1, routed)           0.440     0.667    salsa_top_xilinix_ip_pll/inst/clk_in1_clk_wiz_0
    PLLE2_ADV_X1Y0       PLLE2_ADV (Prop_plle2_adv_CLKIN1_CLKOUT0)
                                                     -2.322    -1.656 r  salsa_top_xilinix_ip_pll/inst/plle2_adv_inst/CLKOUT0
                         net (fo=1, routed)           0.501    -1.155    salsa_top_xilinix_ip_pll/inst/clk_out1_clk_wiz_0
    BUFGCTRL_X0Y0        BUFG (Prop_bufg_I_O)         0.026    -1.129 r  salsa_top_xilinix_ip_pll/inst/clkout1_buf/O
  -------------------------------------------------------------------    -------------------
                         input delay                  0.000    -1.129    
    R2                                                0.000    -1.129 r  salsa_top_rst_n (IN)
                         net (fo=0)                   0.000    -1.129    salsa_top_rst_n
    R2                   IBUF (Prop_ibuf_I_O)         0.224    -0.905 r  salsa_top_rst_n_IBUF_inst/O
                         net (fo=5, routed)           0.841    -0.064    u_salsa_hash_interative_wrapper/salsa_top_rst_n_IBUF
    SLICE_X64Y59         LUT1 (Prop_lut1_I0_O)        0.045    -0.019 f  u_salsa_hash_interative_wrapper/FSM_sequential_d_r_c_fsm_ps[2]_i_2/O
                         net (fo=7210, routed)        0.333     0.315    u_salsa_registers/salsa_hashing_text_ff_reg[511]_0
    SLICE_X62Y60         FDCE                                         f  u_salsa_registers/salsa_plain_text_regs_2_reg[18]/CLR
  -------------------------------------------------------------------    -------------------

                         (clock salsa_top_80mhz_pll_clk rise edge)
                                                      0.000     0.000 r  
    W5                                                0.000     0.000 r  salsa_top_100mhz_clk (IN)
                         net (fo=0)                   0.000     0.000    salsa_top_xilinix_ip_pll/inst/clk_in1
    W5                   IBUF (Prop_ibuf_I_O)         0.414     0.414 r  salsa_top_xilinix_ip_pll/inst/clkin1_ibufg/O
                         net (fo=1, routed)           0.481     0.895    salsa_top_xilinix_ip_pll/inst/clk_in1_clk_wiz_0
    PLLE2_ADV_X1Y0       PLLE2_ADV (Prop_plle2_adv_CLKIN1_CLKOUT0)
                                                     -2.638    -1.743 r  salsa_top_xilinix_ip_pll/inst/plle2_adv_inst/CLKOUT0
                         net (fo=1, routed)           0.546    -1.197    salsa_top_xilinix_ip_pll/inst/clk_out1_clk_wiz_0
    BUFGCTRL_X0Y0        BUFG (Prop_bufg_I_O)         0.029    -1.168 r  salsa_top_xilinix_ip_pll/inst/clkout1_buf/O
                         net (fo=7218, routed)        0.861    -0.307    u_salsa_registers/clk_out1
    SLICE_X62Y60         FDCE                                         r  u_salsa_registers/salsa_plain_text_regs_2_reg[18]/C
                         clock pessimism              0.039    -0.267    
                         clock uncertainty            0.147    -0.120    
    SLICE_X62Y60         FDCE (Remov_fdce_C_CLR)     -0.092    -0.212    u_salsa_registers/salsa_plain_text_regs_2_reg[18]
  -------------------------------------------------------------------
                         required time                          0.212    
                         arrival time                           0.315    
  -------------------------------------------------------------------
                         slack                                  0.527    





--------------------------------------------------------------------------------------
Path Group:  (none)
From Clock:  clkfbout_clk_wiz_0
  To Clock:  

Max Delay             1 Endpoint
Min Delay             1 Endpoint
--------------------------------------------------------------------------------------


Max Delay Paths
--------------------------------------------------------------------------------------
Slack:                    inf
  Source:                 salsa_top_xilinix_ip_pll/inst/plle2_adv_inst/CLKFBOUT
                            (clock source 'clkfbout_clk_wiz_0'  {rise@0.000ns fall@25.000ns period=50.000ns})
  Destination:            salsa_top_xilinix_ip_pll/inst/plle2_adv_inst/CLKFBIN
  Path Group:             (none)
  Path Type:              Max at Fast Process Corner
  Data Path Delay:        1.396ns  (logic 0.029ns (2.077%)  route 1.367ns (97.923%))
  Logic Levels:           1  (BUFG=1)
  Clock Uncertainty:      0.410ns  ((TSJ^2 + DJ^2)^1/2) / 2 + PE
    Total System Jitter     (TSJ):    0.050ns
    Discrete Jitter          (DJ):    0.200ns
    Phase Error              (PE):    0.307ns

    Location             Delay type                Incr(ns)  Path(ns)    Netlist Resource(s)
  -------------------------------------------------------------------    -------------------
                         (clock clkfbout_clk_wiz_0 fall edge)
                                                     25.000    25.000 f  
    W5                                                0.000    25.000 f  salsa_top_100mhz_clk (IN)
                         net (fo=0)                   0.000    25.000    salsa_top_xilinix_ip_pll/inst/clk_in1
    W5                   IBUF (Prop_ibuf_I_O)         0.414    25.414 f  salsa_top_xilinix_ip_pll/inst/clkin1_ibufg/O
                         net (fo=1, routed)           0.481    25.895    salsa_top_xilinix_ip_pll/inst/clk_in1_clk_wiz_0
  -------------------------------------------------------------------    -------------------
    PLLE2_ADV_X1Y0       PLLE2_ADV (Prop_plle2_adv_CLKIN1_CLKFBOUT)
                                                     -2.638    23.257 f  salsa_top_xilinix_ip_pll/inst/plle2_adv_inst/CLKFBOUT
                         net (fo=1, routed)           0.546    23.803    salsa_top_xilinix_ip_pll/inst/clkfbout_clk_wiz_0
    BUFGCTRL_X0Y1        BUFG (Prop_bufg_I_O)         0.029    23.832 f  salsa_top_xilinix_ip_pll/inst/clkf_buf/O
                         net (fo=1, routed)           0.822    24.653    salsa_top_xilinix_ip_pll/inst/clkfbout_buf_clk_wiz_0
    PLLE2_ADV_X1Y0       PLLE2_ADV                                    f  salsa_top_xilinix_ip_pll/inst/plle2_adv_inst/CLKFBIN
  -------------------------------------------------------------------    -------------------





Min Delay Paths
--------------------------------------------------------------------------------------
Slack:                    inf
  Source:                 salsa_top_xilinix_ip_pll/inst/plle2_adv_inst/CLKFBOUT
                            (clock source 'clkfbout_clk_wiz_0'  {rise@0.000ns fall@25.000ns period=50.000ns})
  Destination:            salsa_top_xilinix_ip_pll/inst/plle2_adv_inst/CLKFBIN
  Path Group:             (none)
  Path Type:              Min at Slow Process Corner
  Data Path Delay:        3.146ns  (logic 0.091ns (2.892%)  route 3.055ns (97.108%))
  Logic Levels:           1  (BUFG=1)
  Clock Uncertainty:      0.410ns  ((TSJ^2 + DJ^2)^1/2) / 2 + PE
    Total System Jitter     (TSJ):    0.050ns
    Discrete Jitter          (DJ):    0.200ns
    Phase Error              (PE):    0.307ns

    Location             Delay type                Incr(ns)  Path(ns)    Netlist Resource(s)
  -------------------------------------------------------------------    -------------------
                         (clock clkfbout_clk_wiz_0 rise edge)
                                                      0.000     0.000 r  
    W5                                                0.000     0.000 r  salsa_top_100mhz_clk (IN)
                         net (fo=0)                   0.000     0.000    salsa_top_xilinix_ip_pll/inst/clk_in1
    W5                   IBUF (Prop_ibuf_I_O)         1.388     1.388 r  salsa_top_xilinix_ip_pll/inst/clkin1_ibufg/O
                         net (fo=1, routed)           1.181     2.569    salsa_top_xilinix_ip_pll/inst/clk_in1_clk_wiz_0
  -------------------------------------------------------------------    -------------------
    PLLE2_ADV_X1Y0       PLLE2_ADV (Prop_plle2_adv_CLKIN1_CLKFBOUT)
                                                     -7.750    -5.181 r  salsa_top_xilinix_ip_pll/inst/plle2_adv_inst/CLKFBOUT
                         net (fo=1, routed)           1.576    -3.604    salsa_top_xilinix_ip_pll/inst/clkfbout_clk_wiz_0
    BUFGCTRL_X0Y1        BUFG (Prop_bufg_I_O)         0.091    -3.513 r  salsa_top_xilinix_ip_pll/inst/clkf_buf/O
                         net (fo=1, routed)           1.479    -2.034    salsa_top_xilinix_ip_pll/inst/clkfbout_buf_clk_wiz_0
    PLLE2_ADV_X1Y0       PLLE2_ADV                                    r  salsa_top_xilinix_ip_pll/inst/plle2_adv_inst/CLKFBIN
  -------------------------------------------------------------------    -------------------





